PassengerId,Pclass,Sex,Age,SibSp,Parch,Fare,Embarked,Survived
0.0,1.0,1.0,0.2711736617240512,0.125,0.0,0.014151057562208049,0.6666666666666666,0
0.0011235955056179776,0.0,0.0,0.4722292033174164,0.125,0.0,0.13913573538264068,0.0,1
0.002247191011235955,1.0,0.0,0.32143754712239253,0.0,0.0,0.015468569817999833,0.6666666666666666,1
0.0033707865168539327,0.0,0.0,0.4345312892686604,0.125,0.0,0.10364429745562033,0.6666666666666666,1
0.0044943820224719105,1.0,1.0,0.4345312892686604,0.0,0.0,0.015712553569072387,0.6666666666666666,0
0.0056179775280898875,1.0,1.0,,0.0,0.0,0.01650950209357577,0.3333333333333333,0
0.006741573033707865,0.0,1.0,0.6732847449107816,0.0,0.0,0.10122885832000206,0.6666666666666666,0
0.007865168539325843,1.0,1.0,0.01985423473234481,0.375,0.16666666666666666,0.04113566043083236,0.6666666666666666,0
0.008988764044943821,1.0,0.0,0.33400351847197784,0.0,0.3333333333333333,0.021730754366528396,0.6666666666666666,1
0.010112359550561799,0.5,0.0,0.17064589092736868,0.125,0.0,0.058694292654020104,0.0,1
0.011235955056179777,1.0,0.0,0.04498617743151546,0.125,0.16666666666666666,0.03259622914329302,0.6666666666666666,1
0.012359550561797753,0.0,0.0,0.723548630309123,0.0,0.0,0.051822148727810165,0.6666666666666666,1
0.01348314606741573,1.0,1.0,0.24604171902488062,0.0,0.0,0.015712553569072387,0.6666666666666666,0
0.014606741573033709,1.0,1.0,0.4847951746670017,0.125,0.8333333333333333,0.06104473451835265,0.6666666666666666,0
0.01573033707865169,1.0,0.0,0.17064589092736868,0.0,0.0,0.015330377421392339,0.6666666666666666,0
0.016853932584269666,0.5,0.0,0.685850716260367,0.0,0.0,0.03122992013728673,0.6666666666666666,1
0.017977528089887642,1.0,1.0,0.01985423473234481,0.5,0.16666666666666666,0.05684821399990475,0.3333333333333333,0
0.01910112359550562,0.5,1.0,,0.0,0.0,0.025374310111545468,0.6666666666666666,1
0.020224719101123598,1.0,0.0,0.38426740387031916,0.125,0.0,0.03513366015444757,0.6666666666666666,0
0.021348314606741577,1.0,0.0,,0.0,0.0,0.014102260811993537,0.0,1
0.022471910112359553,0.5,1.0,0.4345312892686604,0.0,0.0,0.050748620223090936,0.6666666666666666,0
0.023595505617977533,0.5,1.0,0.4219653179190751,0.0,0.0,0.025374310111545468,0.6666666666666666,1
0.02471910112359551,1.0,0.0,0.18321186227695402,0.0,0.0,0.015671954672893913,0.3333333333333333,1
0.025842696629213485,0.0,1.0,0.34656948982156316,0.0,0.0,0.06929138530460494,0.6666666666666666,1
0.026966292134831465,1.0,0.0,0.09525006282985675,0.375,0.16666666666666666,0.04113566043083236,0.6666666666666666,0
0.02808988764044944,1.0,0.0,0.4722292033174164,0.125,0.8333333333333333,0.06126431989431795,0.6666666666666666,1
0.02921348314606742,1.0,1.0,,0.0,0.0,0.014102260811993537,0.0,0
0.030337078651685397,0.0,1.0,0.2334757476752953,0.375,0.3333333333333333,0.5133418122566507,0.6666666666666666,0
0.03146067415730337,1.0,0.0,,0.0,0.0,0.01537917417160685,0.3333333333333333,1
0.032584269662921356,1.0,1.0,,0.0,0.0,0.015411575213749286,0.6666666666666666,0
0.03370786516853933,0.0,1.0,0.49736114601658704,0.0,0.0,0.05410739813385612,0.0,0
0.03483146067415731,0.0,0.0,,0.125,0.0,0.2859895551532101,0.0,1
0.035955056179775284,1.0,0.0,,0.0,0.0,0.015126992566498259,0.3333333333333333,1
0.03707865168539326,0.5,1.0,0.8240764011058055,0.0,0.0,0.020494635090094415,0.6666666666666666,0
0.03820224719101124,0.0,1.0,0.34656948982156316,0.125,0.0,0.16038672010106003,0.0,0
0.03932584269662922,0.0,1.0,0.5224930887157577,0.125,0.0,0.10149724044618187,0.6666666666666666,0
0.040449438202247195,1.0,1.0,,0.0,0.0,0.014110458666029575,0.0,1
0.04157303370786517,1.0,1.0,0.2586076903744659,0.0,0.0,0.015712553569072387,0.6666666666666666,0
0.042696629213483155,1.0,0.0,0.22090977632571,0.25,0.0,0.03513366015444757,0.6666666666666666,0
0.04382022471910113,1.0,0.0,0.17064589092736868,0.125,0.0,0.021942337075458514,0.0,1
0.04494382022471911,1.0,0.0,0.49736114601658704,0.125,0.0,0.018493968331299484,0.6666666666666666,0
0.04606741573033708,0.5,0.0,0.33400351847197784,0.125,0.0,0.04098927018018883,0.6666666666666666,0
0.04719101123595506,1.0,1.0,,0.0,0.0,0.015411575213749286,0.0,0
0.04831460674157304,0.5,0.0,0.032420206081930136,0.125,0.3333333333333333,0.08115719346076702,0.0,1
0.04943820224719102,1.0,0.0,0.2334757476752953,0.0,0.0,0.01537917417160685,0.3333333333333333,1
0.050561797752808994,1.0,1.0,,0.0,0.0,0.015712553569072387,0.6666666666666666,0
0.05168539325842697,1.0,1.0,,0.125,0.0,0.030253985132996517,0.3333333333333333,0
0.052808988764044947,1.0,0.0,,0.0,0.0,0.015126992566498259,0.3333333333333333,1
0.05393258426966293,1.0,1.0,,0.25,0.0,0.04231498029001666,0.0,0
0.055056179775280906,1.0,0.0,0.22090977632571,0.125,0.0,0.034743286152731485,0.6666666666666666,0
0.05617977528089888,1.0,1.0,0.08268409148027142,0.5,0.16666666666666666,0.07746484096553544,0.6666666666666666,0
0.05730337078651686,1.0,1.0,0.2586076903744659,0.0,0.0,0.01522458606692728,0.6666666666666666,0
0.05842696629213484,0.0,0.0,0.610454888162855,0.125,0.0,0.1497654242623688,0.0,1
0.05955056179775282,0.5,0.0,0.35913546117114853,0.125,0.0,0.050748620223090936,0.6666666666666666,1
0.06067415730337079,0.0,1.0,0.8115104297562202,0.0,0.16666666666666666,0.1209753416358076,0.0,0
0.06179775280898877,0.0,1.0,,0.0,0.0,0.06929138530460494,0.6666666666666666,1
0.06292134831460675,0.5,0.0,0.2586076903744659,0.0,0.0,0.020494635090094415,0.6666666666666666,1
0.06404494382022471,1.0,1.0,0.35285247549635584,0.0,0.0,0.014110458666029575,0.0,0
0.0651685393258427,0.5,0.0,0.05755214878110078,0.125,0.3333333333333333,0.05416439273810667,0.6666666666666666,1
0.06629213483146068,1.0,1.0,0.1329479768786127,0.625,0.3333333333333333,0.09154270340242172,0.6666666666666666,0
0.06741573033707865,1.0,1.0,0.2711736617240512,0.0,0.0,0.014110458666029575,0.0,0
0.06853932584269663,0.0,0.0,0.4722292033174164,0.0,0.0,0.15614960068643363,1.0,1
0.0696629213483146,0.0,1.0,0.5601910027645137,0.125,0.0,0.16293234896625058,0.6666666666666666,0
0.07078651685393259,1.0,1.0,0.04498617743151546,0.375,0.3333333333333333,0.05445717323939373,0.6666666666666666,0
0.07191011235955057,0.0,1.0,,0.0,0.0,0.05410739813385612,0.0,0
0.07303370786516854,1.0,1.0,,0.125,0.16666666666666666,0.029757819776815374,0.0,1
0.07415730337078652,0.5,0.0,0.35913546117114853,0.0,0.0,0.020494635090094415,0.6666666666666666,1
0.07528089887640449,1.0,1.0,0.2334757476752953,0.0,0.0,0.015923941091001644,0.6666666666666666,0
0.07640449438202247,1.0,0.0,0.20834380497612465,0.5,0.3333333333333333,0.015468569817999833,0.6666666666666666,1
0.07752808988764046,1.0,1.0,0.32143754712239253,0.25,0.0,0.016908073949327893,0.6666666666666666,0
0.07865168539325842,0.5,1.0,0.39683337521990447,0.0,0.0,0.020494635090094415,0.6666666666666666,0
0.07977528089887641,1.0,0.0,0.19577783362653933,0.625,0.3333333333333333,0.09154270340242172,0.6666666666666666,0
0.08089887640449438,0.5,1.0,0.2586076903744659,0.0,0.0,0.1434624456306609,0.6666666666666666,0
0.08202247191011236,1.0,1.0,0.32143754712239253,0.125,0.0,0.028212719478023115,0.0,0
0.08314606741573034,1.0,1.0,0.39683337521990447,0.0,0.0,0.11027245763075773,0.6666666666666666,1
0.08426966292134831,1.0,1.0,0.3088715757728072,0.0,0.0,0.014931805565640218,0.6666666666666666,0
0.0853932584269663,1.0,1.0,,0.0,0.0,0.015411575213749286,0.6666666666666666,0
0.08651685393258428,1.0,1.0,,0.0,0.0,0.015712553569072387,0.6666666666666666,0
0.08764044943820225,0.5,1.0,0.005152048253329982,0.0,0.3333333333333333,0.056604230248832196,0.6666666666666666,1
0.08876404494382023,1.0,0.0,0.37170143252073384,0.0,0.0,0.024349578357040744,0.6666666666666666,1
0.0898876404494382,1.0,1.0,0.2711736617240512,0.0,0.0,0.017566830077223785,0.6666666666666666,0
0.09101123595505618,1.0,1.0,0.35913546117114853,0.0,0.0,0.018542765081513996,0.6666666666666666,1
0.09213483146067417,1.0,0.0,,0.0,0.0,0.015200187691820024,0.3333333333333333,1
0.09325842696629214,0.0,1.0,0.34656948982156316,0.0,0.0,0.09193307740413781,0.6666666666666666,0
0.09438202247191012,0.5,0.0,0.20834380497612465,0.0,0.0,0.020494635090094415,0.6666666666666666,1
0.09550561797752809,1.0,0.0,0.4093993465694898,0.375,0.0,0.030937139635999665,0.6666666666666666,1
0.09662921348314607,1.0,1.0,0.19577783362653933,0.125,0.5,0.06709553154495196,0.6666666666666666,0
0.09775280898876405,1.0,1.0,,0.0,0.0,0.015712553569072387,0.6666666666666666,0
0.09887640449438202,0.0,0.0,0.2837396330736366,0.375,0.3333333333333333,0.5133418122566507,0.6666666666666666,1
0.1,1.0,1.0,0.2963056044232219,0.0,0.0,0.015712553569072387,0.6666666666666666,0
0.10112359550561797,1.0,1.0,0.35913546117114853,0.0,0.0,0.015712553569072387,0.6666666666666666,0
0.10224719101123596,1.0,1.0,0.24604171902488062,0.0,0.0,0.015330377421392339,0.6666666666666666,0
0.10337078651685394,0.0,1.0,0.5727569741140991,0.125,0.0,0.11940564777490723,0.6666666666666666,0
0.10449438202247191,1.0,1.0,0.32143754712239253,0.125,0.3333333333333333,0.04015972542654215,0.6666666666666666,0
0.10561797752808989,1.0,1.0,0.7361146016587082,0.0,0.0,0.014151057562208049,0.6666666666666666,0
0.10674157303370786,1.0,1.0,,0.0,0.0,0.015712553569072387,0.6666666666666666,0
0.10786516853932585,0.0,1.0,0.8869062578537321,0.0,0.0,0.06764049365134761,0.0,0
0.10898876404494383,0.0,1.0,0.2837396330736366,0.0,0.16666666666666666,0.12366716556464086,0.0,1
0.1101123595505618,0.5,0.0,0.4219653179190751,0.0,0.16666666666666666,0.044893010197349675,0.6666666666666666,1
0.11123595505617978,0.5,1.0,0.4219653179190751,0.125,0.0,0.050748620223090936,0.6666666666666666,0
0.11235955056179776,1.0,0.0,0.34656948982156316,0.0,0.0,0.015411575213749286,0.6666666666666666,0
0.11348314606741573,1.0,1.0,,0.0,0.0,0.015411575213749286,0.6666666666666666,0
0.11460674157303372,0.0,1.0,0.2586076903744659,0.0,0.16666666666666666,0.15085515328815924,0.6666666666666666,0
0.11573033707865168,1.0,1.0,0.4093993465694898,0.0,0.0,0.016891873428256675,0.6666666666666666,0
0.11685393258426967,1.0,1.0,0.4596632319678311,0.25,0.0,0.015468569817999833,0.6666666666666666,0
0.11797752808988765,1.0,1.0,0.34656948982156316,0.0,0.0,0.015411575213749286,0.6666666666666666,0
0.11910112359550562,1.0,0.0,0.2586076903744659,0.0,0.0,0.014931805565640218,0.6666666666666666,1
0.1202247191011236,1.0,1.0,,0.0,0.0,0.015175789316712771,0.6666666666666666,1
0.12134831460674157,1.0,1.0,0.4722292033174164,0.0,0.0,0.015411575213749286,0.6666666666666666,0
0.12247191011235956,1.0,0.0,,0.125,0.0,0.04713766070721715,0.3333333333333333,1
0.12359550561797754,0.0,1.0,0.5853229454636844,0.0,0.0,0.10149724044618187,0.6666666666666666,0
0.12471910112359551,1.0,0.0,0.17692887660216136,0.125,0.0,0.028212719478023115,0.0,0
0.1258426966292135,1.0,1.0,0.2711736617240512,0.0,0.0,0.015712553569072387,0.6666666666666666,0
0.1269662921348315,1.0,0.0,0.24604171902488062,0.125,0.0,0.019177122834302632,0.6666666666666666,0
0.12808988764044946,1.0,0.0,0.20834380497612465,0.0,0.0,0.028220722145058292,0.0,0
0.12921348314606743,1.0,1.0,0.2586076903744659,0.0,0.0,0.015468569817999833,0.6666666666666666,0
0.13033707865168542,1.0,1.0,0.8806232721789394,0.0,0.0,0.015126992566498259,0.3333333333333333,0
0.1314606741573034,0.5,1.0,0.35913546117114853,0.125,0.0,0.04098927018018883,0.6666666666666666,0
0.13258426966292136,0.0,1.0,0.2963056044232219,0.0,0.16666666666666666,0.4831284260198326,0.0,0
0.13370786516853936,1.0,0.0,0.01985423473234481,0.5,0.3333333333333333,0.06104473451835265,0.6666666666666666,0
0.13483146067415733,0.5,1.0,0.2586076903744659,0.25,0.0,0.1434624456306609,0.6666666666666666,0
0.1359550561797753,1.0,1.0,,0.0,0.0,0.015712553569072387,0.6666666666666666,0
0.13707865168539327,0.5,1.0,0.40311636089469716,0.125,0.0,0.058694292654020104,0.0,0
0.13820224719101126,0.5,0.0,0.40311636089469716,0.0,0.0,0.025374310111545468,0.6666666666666666,1
0.13932584269662923,0.0,1.0,0.6732847449107816,0.0,0.16666666666666666,0.15085515328815924,0.6666666666666666,0
0.1404494382022472,1.0,1.0,0.14551394822819805,0.125,0.0,0.021942337075458514,0.0,1
0.1415730337078652,1.0,1.0,,0.0,0.0,0.015126992566498259,0.3333333333333333,0
0.14269662921348317,1.0,1.0,0.2963056044232219,0.0,0.0,0.01393967004027879,0.6666666666666666,1
0.14382022471910114,1.0,0.0,,0.125,0.16666666666666666,0.04364049521284362,0.0,1
0.14494382022471913,1.0,1.0,0.5601910027645137,0.0,0.0,0.013614293309848433,0.6666666666666666,0
0.1460674157303371,1.0,1.0,0.4093993465694898,0.0,0.0,0.015411575213749286,0.0,0
0.14719101123595507,1.0,1.0,0.24604171902488062,0.0,0.0,0.013760683560491965,0.6666666666666666,0
0.14831460674157307,1.0,0.0,0.5853229454636844,0.125,0.0,0.028302115124416098,0.6666666666666666,0
0.14943820224719104,0.5,0.0,0.35913546117114853,0.125,0.0,0.050748620223090936,0.6666666666666666,1
0.150561797752809,0.5,1.0,0.3088715757728072,0.0,0.0,0.025374310111545468,0.6666666666666666,0
0.15168539325842698,0.5,1.0,0.2837396330736366,0.0,0.0,0.02936744577509929,0.0,0
0.15280898876404497,0.0,0.0,0.2334757476752953,0.0,0.3333333333333333,0.051301584996521765,0.6666666666666666,1
0.15393258426966294,0.0,1.0,0.4596632319678311,0.125,0.0,0.10364429745562033,0.6666666666666666,0
0.1550561797752809,1.0,1.0,0.19577783362653933,0.0,0.0,0.01798980030808316,0.6666666666666666,0
0.1561797752808989,0.0,1.0,0.2963056044232219,0.0,0.0,0.15458810467956932,0.0,0
0.15730337078651688,1.0,0.0,,0.0,0.3333333333333333,0.029757819776815374,0.0,0
0.15842696629213485,1.0,0.0,0.2711736617240512,0.0,0.0,0.015126992566498259,0.6666666666666666,1
0.15955056179775284,1.0,0.0,0.2963056044232219,0.125,0.0,0.030937139635999665,0.6666666666666666,1
0.1606741573033708,1.0,1.0,0.2334757476752953,0.0,0.0,0.013175122557917838,0.3333333333333333,0
0.16179775280898878,0.5,1.0,0.22090977632571,0.0,0.0,0.022446505098674838,0.6666666666666666,0
0.16292134831460675,0.5,1.0,0.2334757476752953,0.125,0.16666666666666666,0.07173122281533045,0.6666666666666666,0
0.16404494382022475,1.0,1.0,0.33400351847197784,0.0,0.0,0.015216388212891242,0.6666666666666666,1
0.16516853932584272,1.0,0.0,0.10781603417944208,0.25,0.3333333333333333,0.06709553154495196,0.6666666666666666,0
0.1662921348314607,0.5,1.0,0.4533802462930384,0.0,0.3333333333333333,0.050748620223090936,0.6666666666666666,0
0.16741573033707868,0.5,1.0,0.5224930887157577,0.0,0.0,0.025374310111545468,0.6666666666666666,0
0.16853932584269665,0.5,1.0,0.6355868308620256,0.0,0.0,0.02444717185746977,0.6666666666666666,0
0.16966292134831462,0.0,0.0,0.2711736617240512,0.125,0.0,0.12999454257145598,0.6666666666666666,1
0.17078651685393262,1.0,1.0,0.6921337019351597,0.0,0.0,0.015712553569072387,0.6666666666666666,0
0.1719101123595506,1.0,1.0,0.5036441316913798,0.0,0.3333333333333333,0.028302115124416098,0.6666666666666666,0
0.17303370786516856,1.0,1.0,,0.0,0.0,0.014273049437744325,0.6666666666666666,0
0.17415730337078655,0.0,1.0,0.6355868308620256,0.0,0.16666666666666666,0.11980421963065935,0.0,0
0.17528089887640452,1.0,0.0,0.19577783362653933,0.0,0.0,0.015094396337354966,0.3333333333333333,1
0.1764044943820225,1.0,1.0,0.37170143252073384,0.0,0.0,0.015712553569072387,0.6666666666666666,0
0.17752808988764046,1.0,1.0,,0.0,0.0,0.016908073949327893,0.6666666666666666,0
0.17865168539325846,1.0,1.0,,1.0,0.3333333333333333,0.13575255909676825,0.6666666666666666,0
0.17977528089887643,1.0,1.0,0.5476250314149284,0.0,0.16666666666666666,0.031425107138144774,0.6666666666666666,0
0.1808988764044944,0.5,0.0,0.49736114601658704,0.0,0.0,0.030741952635141623,0.6666666666666666,1
0.1820224719101124,1.0,1.0,0.32143754712239253,0.0,0.0,0.015175789316712771,0.6666666666666666,0
0.18314606741573036,1.0,1.0,0.20834380497612465,0.0,0.0,0.016908073949327893,0.6666666666666666,0
0.18426966292134833,1.0,1.0,0.007288263382759488,0.5,0.16666666666666666,0.07746484096553544,0.6666666666666666,0
0.18539325842696633,1.0,1.0,0.10781603417944208,0.0,0.3333333333333333,0.04006213192611313,0.6666666666666666,1
0.1865168539325843,0.0,0.0,,0.0,0.16666666666666666,0.10735285047192313,0.6666666666666666,1
0.18764044943820227,1.0,0.0,0.5601910027645137,0.125,0.6666666666666666,0.05445717323939373,0.6666666666666666,0
0.18876404494382024,0.0,1.0,,0.0,0.0,0.050602229972447406,0.6666666666666666,0
0.18988764044943823,1.0,1.0,0.34656948982156316,0.0,0.0,0.11027245763075773,0.6666666666666666,0
0.1910112359550562,0.0,1.0,0.7612465443578789,0.0,0.0,0.06538764528744409,0.6666666666666666,0
0.19213483146067417,1.0,1.0,0.04498617743151546,0.5,0.16666666666666666,0.05684821399990475,0.3333333333333333,0
0.19325842696629217,1.0,0.0,0.007288263382759488,0.125,0.16666666666666666,0.021730754366528396,0.6666666666666666,1
0.19438202247191014,1.0,1.0,0.2586076903744659,0.0,0.0,0.015468569817999833,0.6666666666666666,0
0.1955056179775281,0.0,1.0,0.6984166876099522,0.0,0.0,0.05991421140938287,0.0,0
0.1966292134831461,1.0,1.0,0.22090977632571,0.125,0.16666666666666666,0.015330377421392339,0.6666666666666666,0
0.19775280898876407,1.0,1.0,,0.375,0.16666666666666666,0.049707687947515,0.6666666666666666,0
0.19887640449438204,0.0,0.0,0.6230208595124404,0.0,0.0,0.05604306762136532,0.0,0
0.20000000000000004,0.5,1.0,0.37170143252073384,0.0,0.0,0.025374310111545468,0.6666666666666666,0
0.201123595505618,1.0,1.0,0.4470972606182458,0.0,0.0,0.0,0.6666666666666666,0
0.20224719101123598,1.0,0.0,,1.0,0.3333333333333333,0.13575255909676825,0.6666666666666666,0
0.20337078651685395,0.5,1.0,,0.0,0.0,0.02937564362913533,0.0,0
0.20449438202247194,1.0,1.0,0.10781603417944208,0.5,0.3333333333333333,0.06126431989431795,0.6666666666666666,0
0.2056179775280899,0.5,1.0,0.007288263382759488,0.25,0.16666666666666666,0.07612293033463641,0.6666666666666666,1
0.20674157303370788,1.0,0.0,0.04498617743151546,0.0,0.3333333333333333,0.04298993693898376,0.6666666666666666,1
0.20786516853932588,0.0,1.0,,0.0,0.0,0.09759350042902103,0.6666666666666666,0
0.20898876404494385,1.0,0.0,,0.125,0.0,0.030253985132996517,0.3333333333333333,1
0.21011235955056182,0.0,1.0,0.5601910027645137,0.0,0.0,0.051822148727810165,0.6666666666666666,1
0.2112359550561798,1.0,1.0,0.49736114601658704,0.125,0.16666666666666666,0.030253985132996517,0.3333333333333333,0
0.21235955056179778,1.0,1.0,0.4470972606182458,0.0,0.0,0.015411575213749286,0.6666666666666666,0
0.21348314606741575,0.5,0.0,0.39683337521990447,0.0,0.0,0.025374310111545468,0.6666666666666666,1
0.21460674157303372,0.5,1.0,0.2334757476752953,0.0,0.0,0.025374310111545468,0.6666666666666666,0
0.21573033707865172,1.0,0.0,0.2334757476752953,0.125,0.0,0.015330377421392339,0.6666666666666666,1
0.2168539325842697,0.5,1.0,0.032420206081930136,0.125,0.16666666666666666,0.050748620223090936,0.6666666666666666,1
0.21797752808988766,0.0,0.0,0.5476250314149284,0.0,0.0,0.05410739813385612,0.0,1
0.21910112359550565,0.0,0.0,0.723548630309123,0.0,0.0,0.2859895551532101,0.0,1
0.22022471910112362,1.0,1.0,,0.0,0.0,0.015126992566498259,0.3333333333333333,0
0.2213483146067416,1.0,1.0,0.5224930887157577,0.0,0.16666666666666666,0.01640390592611157,0.6666666666666666,0
0.2224719101123596,1.0,0.0,,0.0,0.0,0.015126992566498259,0.3333333333333333,1
0.22359550561797756,0.5,0.0,0.2963056044232219,0.0,0.0,0.025374310111545468,0.6666666666666666,0
0.22471910112359553,1.0,1.0,0.34656948982156316,0.0,0.0,0.018542765081513996,0.6666666666666666,0
0.22584269662921352,1.0,1.0,,1.0,0.3333333333333333,0.13575255909676825,0.6666666666666666,0
0.2269662921348315,1.0,1.0,0.4219653179190751,0.0,0.0,0.012678957201736696,0.6666666666666666,0
0.22808988764044946,1.0,1.0,0.5664739884393064,0.0,0.0,0.014102260811993537,0.0,0
0.22921348314606743,1.0,1.0,0.22090977632571,0.0,0.0,0.015712553569072387,0.6666666666666666,1
0.23033707865168543,1.0,0.0,0.01985423473234481,0.0,0.16666666666666666,0.02042143996477265,0.6666666666666666,0
0.2314606741573034,1.0,1.0,0.39683337521990447,0.125,0.0,0.030937139635999665,0.6666666666666666,0
0.23258426966292137,1.0,1.0,0.32143754712239253,0.0,0.0,0.036670757786204655,0.0,1
0.23370786516853936,1.0,0.0,0.19577783362653933,0.0,0.0,0.015126992566498259,0.3333333333333333,1
0.23483146067415733,0.0,1.0,0.49736114601658704,0.0,0.0,0.060507970265993034,0.0,1
0.2359550561797753,1.0,1.0,0.2963056044232219,0.0,0.0,0.013760683560491965,0.6666666666666666,0
0.2370786516853933,0.5,0.0,0.4345312892686604,0.0,0.0,0.04098927018018883,0.6666666666666666,1
0.23820224719101127,1.0,1.0,0.2711736617240512,0.0,0.0,0.014151057562208049,0.6666666666666666,0
0.23932584269662924,0.5,1.0,0.37170143252073384,0.0,0.0,0.025374310111545468,0.6666666666666666,0
0.24044943820224723,1.0,1.0,,0.125,0.0,0.015126992566498259,0.3333333333333333,0
0.2415730337078652,0.0,0.0,0.38426740387031916,0.125,0.0,0.22109807522194713,0.0,1
0.24269662921348317,1.0,0.0,0.33400351847197784,0.0,0.0,0.015468569817999833,0.6666666666666666,1
0.24382022471910114,0.5,1.0,0.5224930887157577,0.125,0.0,0.05270049023167135,0.6666666666666666,0
0.24494382022471914,0.0,0.0,0.39683337521990447,0.0,0.0,0.14891148113361488,0.0,1
0.2460674157303371,0.5,1.0,0.37170143252073384,0.0,0.0,0.020494635090094415,0.6666666666666666,0
0.24719101123595508,1.0,1.0,0.19577783362653933,0.0,0.0,0.015712553569072387,0.6666666666666666,1
0.24831460674157307,0.5,1.0,0.33400351847197784,0.0,0.0,0.025374310111545468,0.6666666666666666,0
0.24943820224719104,1.0,1.0,0.6355868308620256,0.0,0.0,0.015712553569072387,0.6666666666666666,0
0.250561797752809,1.0,1.0,,0.0,0.0,0.015411575213749286,0.6666666666666666,0
0.251685393258427,0.0,1.0,0.4722292033174164,0.125,0.0,0.17566830077223786,0.6666666666666666,1
0.25280898876404495,1.0,1.0,0.2711736617240512,0.0,0.0,0.018249984580226933,0.6666666666666666,0
0.253932584269663,0.5,1.0,0.2334757476752953,0.0,0.0,0.020494635090094415,0.6666666666666666,1
0.25505617977528094,1.0,1.0,0.2523247046996733,0.0,0.0,0.014151057562208049,0.6666666666666666,0
0.2561797752808989,0.5,1.0,0.22090977632571,0.0,0.0,0.025374310111545468,0.6666666666666666,0
0.2573033707865169,1.0,0.0,,0.375,0.16666666666666666,0.049707687947515,0.6666666666666666,0
0.25842696629213485,0.0,0.0,0.4345312892686604,0.125,0.0,0.16293234896625058,0.6666666666666666,1
0.2595505617977528,1.0,1.0,0.35913546117114853,0.0,0.0,0.015175789316712771,0.6666666666666666,0
0.2606741573033708,0.5,1.0,0.7361146016587082,0.0,0.0,0.026350245115835676,0.6666666666666666,0
0.2617977528089888,1.0,0.0,0.05755214878110078,0.5,0.3333333333333333,0.06126431989431795,0.6666666666666666,1
0.2629213483146068,0.5,1.0,0.2963056044232219,0.0,0.0,0.020494635090094415,0.6666666666666666,0
0.26404494382022475,1.0,0.0,,0.0,0.0,0.014736618564782174,0.6666666666666666,0
0.2651685393258427,0.5,1.0,0.5476250314149284,0.125,0.0,0.050748620223090936,0.6666666666666666,0
0.2662921348314607,0.5,0.0,0.09525006282985675,0.0,0.3333333333333333,0.05123658772523604,0.6666666666666666,1
0.26741573033707866,0.5,1.0,0.2334757476752953,0.0,0.0,0.020494635090094415,0.6666666666666666,0
0.2685393258426967,0.5,1.0,0.4093993465694898,0.0,0.0,0.023959204355324663,0.6666666666666666,0
0.26966292134831465,1.0,0.0,,0.125,0.0,0.028212719478023115,0.0,0
0.2707865168539326,1.0,0.0,,0.125,0.0,0.030253985132996517,0.3333333333333333,1
0.2719101123595506,0.5,1.0,0.35913546117114853,0.0,0.0,0.020494635090094415,0.6666666666666666,0
0.27303370786516856,1.0,1.0,0.2711736617240512,0.0,0.0,0.013907073811135496,0.6666666666666666,0
0.27415730337078653,1.0,1.0,0.37170143252073384,0.0,0.0,0.014102260811993537,0.0,0
0.2752808988764045,0.0,1.0,0.5476250314149284,0.25,0.0,0.17566830077223786,0.3333333333333333,0
0.2764044943820225,1.0,0.0,0.3088715757728072,0.0,0.0,0.015175789316712771,0.6666666666666666,0
0.2775280898876405,0.5,0.0,0.2963056044232219,0.0,0.3333333333333333,0.028302115124416098,0.6666666666666666,1
0.27865168539325846,0.0,1.0,0.4596632319678311,0.125,0.16666666666666666,0.10257896680493714,0.6666666666666666,1
0.27977528089887643,0.5,1.0,0.6732847449107816,0.125,0.0,0.050748620223090936,0.6666666666666666,0
0.2808988764044944,1.0,1.0,,0.0,0.0,0.014151057562208049,0.6666666666666666,0
0.28202247191011237,1.0,0.0,0.35913546117114853,0.125,0.16666666666666666,0.02042143996477265,0.6666666666666666,0
0.2831460674157304,0.0,1.0,0.7738125157074642,0.0,0.0,0.051822148727810165,0.6666666666666666,0
0.28426966292134837,1.0,1.0,0.37170143252073384,0.125,0.0,0.031425107138144774,0.6666666666666666,0
0.28539325842696633,1.0,0.0,0.5099271173661725,0.0,0.3333333333333333,0.039452172548431745,0.6666666666666666,0
0.2865168539325843,1.0,0.0,0.35913546117114853,0.0,0.3333333333333333,0.029757819776815374,0.0,1
0.2876404494382023,0.0,0.0,,0.0,0.0,0.15458810467956932,0.0,1
0.28876404494382024,0.0,0.0,0.37170143252073384,0.0,0.0,0.16883675574220638,0.6666666666666666,1
0.2898876404494382,0.0,0.0,0.4345312892686604,0.0,0.0,1.0,0.0,1
0.29101123595505624,0.5,0.0,0.6230208595124404,0.0,0.16666666666666666,0.050748620223090936,0.6666666666666666,1
0.2921348314606742,1.0,1.0,,0.0,0.0,0.015126992566498259,0.3333333333333333,0
0.2932584269662922,1.0,1.0,0.032420206081930136,0.5,0.3333333333333333,0.06126431989431795,0.6666666666666666,1
0.29438202247191014,0.0,1.0,0.648152802211611,0.125,0.16666666666666666,0.1554664461834305,0.6666666666666666,0
0.2955056179775281,0.0,1.0,0.49736114601658704,0.0,0.0,0.0,0.6666666666666666,0
0.2966292134831461,1.0,0.0,,0.0,0.0,0.015126992566498259,0.3333333333333333,0
0.2977528089887641,0.5,1.0,0.4470972606182458,0.0,0.0,0.020494635090094415,0.6666666666666666,0
0.2988764044943821,1.0,1.0,0.19577783362653933,0.5,0.16666666666666666,0.07746484096553544,0.6666666666666666,0
0.30000000000000004,1.0,1.0,0.3088715757728072,0.125,0.0,0.015175789316712771,0.6666666666666666,1
0.301123595505618,0.0,0.0,0.723548630309123,0.0,0.16666666666666666,0.2995388511917728,0.6666666666666666,1
0.302247191011236,0.0,0.0,0.4345312892686604,0.0,0.0,0.2647385704347907,0.6666666666666666,1
0.30337078651685395,0.0,1.0,,0.0,0.0,0.060507970265993034,0.6666666666666666,0
0.3044943820224719,1.0,1.0,0.3088715757728072,0.0,0.0,0.0,0.6666666666666666,1
0.30561797752808995,0.5,0.0,0.5099271173661725,0.0,0.16666666666666666,0.038061465167318204,0.6666666666666666,1
0.3067415730337079,0.0,1.0,0.4596632319678311,0.0,0.16666666666666666,0.057970539254838485,0.0,0
0.3078651685393259,1.0,0.0,,0.0,0.0,0.015126992566498259,0.3333333333333333,1
0.30898876404494385,0.0,0.0,0.7863784870570495,0.125,0.0,0.15216446768991498,0.6666666666666666,1
0.3101123595505618,1.0,0.0,0.5601910027645137,0.0,0.0,0.015126992566498259,0.6666666666666666,0
0.3112359550561798,0.5,1.0,,0.0,0.0,0.0,0.6666666666666666,0
0.3123595505617978,1.0,1.0,0.08268409148027142,0.5,0.16666666666666666,0.05684821399990475,0.3333333333333333,0
0.3134831460674158,1.0,0.0,0.4345312892686604,0.125,0.16666666666666666,0.03952536767375352,0.6666666666666666,1
0.31460674157303375,1.0,1.0,0.8115104297562202,0.0,0.0,0.015126992566498259,0.3333333333333333,0
0.3157303370786517,1.0,1.0,0.34656948982156316,0.0,0.0,0.015330377421392339,0.6666666666666666,0
0.3168539325842697,1.0,1.0,0.19577783362653933,0.0,0.0,0.018542765081513996,0.6666666666666666,0
0.31797752808988766,1.0,1.0,0.2334757476752953,0.0,0.0,0.015712553569072387,0.6666666666666666,1
0.31910112359550563,0.0,1.0,,0.0,0.0,0.050748620223090936,0.6666666666666666,0
0.32022471910112366,1.0,1.0,0.4093993465694898,0.0,0.0,0.016908073949327893,0.0,0
0.3213483146067416,1.0,1.0,0.37170143252073384,0.0,0.0,0.018542765081513996,0.6666666666666666,1
0.3224719101123596,1.0,1.0,0.2711736617240512,0.0,0.0,0.015411575213749286,0.6666666666666666,0
0.32359550561797756,0.5,1.0,0.5224930887157577,0.0,0.0,0.025374310111545468,0.6666666666666666,1
0.32471910112359553,1.0,0.0,0.2711736617240512,0.0,0.0,0.015126992566498259,0.3333333333333333,1
0.3258426966292135,0.0,0.0,0.32143754712239253,0.0,0.0,0.15390495017656614,0.6666666666666666,1
0.32696629213483147,0.0,0.0,0.2334757476752953,0.125,0.0,0.17777475888549785,0.0,1
0.3280898876404495,0.5,1.0,0.4470972606182458,0.0,0.0,0.025130326360472913,0.0,0
0.32921348314606746,1.0,0.0,0.2963056044232219,0.0,0.0,0.01727404957593672,0.6666666666666666,0
0.33033707865168543,1.0,1.0,0.2963056044232219,0.0,0.0,0.015411575213749286,0.6666666666666666,0
0.3314606741573034,0.0,1.0,,0.0,0.0,0.05410739813385612,0.0,0
0.3325842696629214,1.0,1.0,0.2900226187484292,0.0,0.0,0.014110458666029575,0.0,0
0.33370786516853934,0.0,0.0,0.01985423473234481,0.125,0.3333333333333333,0.29580589980036276,0.6666666666666666,0
0.33483146067415737,0.0,1.0,,0.0,0.0,0.05953203526170282,0.6666666666666666,1
0.33595505617977534,0.0,0.0,0.6230208595124404,0.0,0.16666666666666666,0.4831284260198326,0.0,1
0.3370786516853933,1.0,0.0,,0.0,0.0,0.015126992566498259,0.3333333333333333,1
0.3382022471910113,1.0,1.0,,0.25,0.0,0.04538097769949478,0.3333333333333333,1
0.33932584269662924,1.0,1.0,0.2334757476752953,0.0,0.0,0.0,0.6666666666666666,0
0.3404494382022472,0.5,0.0,,0.0,0.0,0.024105594605968193,0.3333333333333333,1
0.3415730337078652,1.0,1.0,,0.0,0.0,0.015712553569072387,0.6666666666666666,0
0.3426966292134832,0.0,1.0,0.006282985674792663,0.125,0.3333333333333333,0.29580589980036276,0.6666666666666666,1
0.3438202247191012,0.0,0.0,,0.0,0.0,0.21642978772242535,0.0,1
0.34494382022471914,0.0,0.0,0.20834380497612465,0.125,0.0,0.2125586439344078,0.0,1
0.3460674157303371,0.5,1.0,0.37170143252073384,0.125,0.0,0.04684488020593009,0.0,0
0.3471910112359551,0.0,0.0,0.37170143252073384,0.0,0.0,0.11111839809247648,0.0,1
0.34831460674157305,0.0,0.0,0.2963056044232219,0.0,0.0,0.16231419173453318,0.0,1
0.3494382022471911,0.0,0.0,0.22090977632571,0.25,0.3333333333333333,0.5121218935012878,0.0,1
0.35056179775280905,0.5,0.0,0.32143754712239253,0.125,0.16666666666666666,0.050748620223090936,0.6666666666666666,0
0.351685393258427,1.0,1.0,0.34656948982156316,0.0,0.0,0.015411575213749286,0.6666666666666666,0
0.352808988764045,0.5,1.0,0.5350590600653431,0.125,0.16666666666666666,0.05123658772523604,0.6666666666666666,0
0.35393258426966295,1.0,0.0,0.32143754712239253,0.0,0.0,0.015330377421392339,0.6666666666666666,1
0.3550561797752809,0.5,0.0,0.2963056044232219,0.125,0.0,0.050748620223090936,0.6666666666666666,1
0.3561797752808989,0.5,1.0,0.6732847449107816,0.0,0.0,0.027326180120125887,0.6666666666666666,0
0.3573033707865169,0.0,0.0,0.38426740387031916,0.0,0.3333333333333333,0.32179836714362564,0.6666666666666666,1
0.3584269662921349,0.0,0.0,0.49736114601658704,0.125,0.16666666666666666,0.2625265161540666,0.0,1
0.35955056179775285,1.0,1.0,0.2711736617240512,0.0,0.0,0.014151057562208049,0.6666666666666666,0
0.3606741573033708,1.0,1.0,0.33400351847197784,0.0,0.0,0.015411575213749286,0.6666666666666666,0
0.3617977528089888,0.5,0.0,0.37170143252073384,0.0,0.0,0.024105594605968193,0.3333333333333333,1
0.36292134831460676,0.5,0.0,0.2711736617240512,0.125,0.16666666666666666,0.056604230248832196,0.6666666666666666,1
0.3640449438202248,1.0,1.0,,1.0,0.3333333333333333,0.13575255909676825,0.6666666666666666,0
0.36516853932584276,0.0,0.0,0.4470972606182458,0.0,0.0,0.2647385704347907,0.0,1
0.3662921348314607,1.0,1.0,0.7612465443578789,0.0,0.0,0.012174789178520372,0.6666666666666666,0
0.3674157303370787,0.5,0.0,0.4470972606182458,0.0,0.0,0.025374310111545468,0.6666666666666666,1
0.36853932584269666,1.0,0.0,0.38426740387031916,0.125,0.16666666666666666,0.04006213192611313,0.6666666666666666,1
0.36966292134831463,0.0,0.0,0.19577783362653933,0.0,0.16666666666666666,0.11316786160148591,0.0,1
0.3707865168539326,1.0,0.0,,0.25,0.0,0.04538097769949478,0.3333333333333333,1
0.3719101123595506,0.0,1.0,0.5664739884393064,0.0,0.0,0.055628295244541985,0.6666666666666666,0
0.3730337078651686,0.0,1.0,0.4722292033174164,0.0,0.16666666666666666,0.2995388511917728,0.6666666666666666,0
0.37415730337078656,1.0,1.0,0.19577783362653933,0.25,0.0,0.03513366015444757,0.6666666666666666,0
0.37528089887640453,0.0,0.0,,0.125,0.0,0.2608674266467732,0.6666666666666666,1
0.3764044943820225,1.0,1.0,,0.0,0.0,0.015411575213749286,0.6666666666666666,0
0.3775280898876405,0.0,1.0,0.35913546117114853,0.125,0.0,0.12999454257145598,0.6666666666666666,0
0.37865168539325844,0.0,0.0,0.5099271173661725,0.0,0.0,0.2625265161540666,0.0,1
0.37977528089887647,1.0,1.0,0.5601910027645137,0.0,0.0,0.015712553569072387,0.6666666666666666,1
0.38089887640449444,0.0,1.0,0.5601910027645137,0.0,0.0,0.06929138530460494,0.6666666666666666,0
0.3820224719101124,0.5,1.0,0.01985423473234481,0.125,0.16666666666666666,0.050748620223090936,0.6666666666666666,1
0.3831460674157304,0.0,0.0,0.2963056044232219,0.375,0.3333333333333333,0.5133418122566507,0.6666666666666666,1
0.38426966292134834,0.5,1.0,0.34656948982156316,0.0,0.0,0.025374310111545468,0.6666666666666666,0
0.3853932584269663,0.5,1.0,0.3088715757728072,0.0,0.0,0.025374310111545468,0.6666666666666666,0
0.38651685393258434,0.5,1.0,0.4470972606182458,0.0,0.0,0.025374310111545468,0.6666666666666666,0
0.3876404494382023,0.5,0.0,0.2963056044232219,0.0,0.0,0.025374310111545468,0.6666666666666666,1
0.3887640449438203,0.5,0.0,0.49736114601658704,0.0,0.0,0.025374310111545468,0.6666666666666666,1
0.38988764044943824,1.0,0.0,,0.125,0.0,0.031425107138144774,0.6666666666666666,1
0.3910112359550562,1.0,1.0,0.032420206081930136,0.125,0.16666666666666666,0.031034733136428686,0.6666666666666666,1
0.3921348314606742,1.0,1.0,0.5224930887157577,0.0,0.0,0.016908073949327893,0.6666666666666666,0
0.39325842696629215,1.0,1.0,0.2837396330736366,0.0,0.0,0.01800600082915438,0.6666666666666666,0
0.3943820224719102,0.0,1.0,,0.0,0.0,0.06831545030031472,0.6666666666666666,0
0.39550561797752815,1.0,1.0,0.18321186227695402,0.125,0.16666666666666666,0.014110458666029575,0.0,0
0.3966292134831461,1.0,1.0,0.3088715757728072,0.125,0.0,0.034743286152731485,0.6666666666666666,0
0.3977528089887641,1.0,1.0,,0.0,0.0,0.014102260811993537,0.0,0
0.39887640449438205,1.0,1.0,0.34656948982156316,0.0,0.0,0.018542765081513996,0.6666666666666666,0
0.4,0.0,0.0,0.2711736617240512,0.0,0.16666666666666666,0.10735285047192313,0.6666666666666666,1
0.40112359550561805,0.5,0.0,0.4722292033174164,0.0,0.0,0.025374310111545468,0.6666666666666666,0
0.402247191011236,1.0,0.0,,0.0,0.0,0.01537917417160685,0.3333333333333333,1
0.403370786516854,1.0,0.0,,0.0,0.0,0.01537917417160685,0.3333333333333333,1
0.40449438202247195,1.0,1.0,0.49736114601658704,0.125,0.6666666666666666,0.05445717323939373,0.6666666666666666,0
0.4056179775280899,0.5,1.0,0.35913546117114853,0.125,0.0,0.05410739813385612,0.0,0
0.4067415730337079,1.0,0.0,0.5601910027645137,0.0,0.16666666666666666,0.028212719478023115,0.0,0
0.40786516853932586,1.0,1.0,0.4345312892686604,0.0,0.0,0.013760683560491965,0.6666666666666666,0
0.4089887640449439,1.0,1.0,,0.125,0.0,0.030253985132996517,0.3333333333333333,0
0.41011235955056186,1.0,1.0,0.37170143252073384,0.0,0.0,0.014151057562208049,0.6666666666666666,0
0.4112359550561798,0.0,0.0,0.7486805730082936,0.125,0.0,0.14687821814567664,0.0,1
0.4123595505617978,1.0,0.0,,0.0,0.0,0.014110458666029575,0.0,1
0.41348314606741576,1.0,0.0,,0.0,0.0,0.015126992566498259,0.3333333333333333,1
0.41460674157303373,0.0,0.0,0.2963056044232219,0.0,0.0,0.13526459159462315,0.0,1
0.41573033707865176,0.0,1.0,0.3088715757728072,0.125,0.0,0.1082149914547131,0.0,1
0.4168539325842697,1.0,1.0,0.22090977632571,0.125,0.0,0.012678957201736696,0.6666666666666666,0
0.4179775280898877,1.0,1.0,0.2334757476752953,0.0,0.0,0.015712553569072387,0.6666666666666666,0
0.41910112359550566,0.0,1.0,0.2711736617240512,0.0,0.0,0.2647385704347907,0.0,0
0.42022471910112363,1.0,0.0,0.032420206081930136,0.375,0.16666666666666666,0.04113566043083236,0.6666666666666666,0
0.4213483146067416,0.0,0.0,,0.125,0.0,0.16038672010106003,0.0,1
0.42247191011235957,1.0,0.0,0.2711736617240512,0.0,0.0,0.014151057562208049,0.6666666666666666,1
0.4235955056179776,0.0,1.0,0.33400351847197784,0.0,0.3333333333333333,0.41282050681475896,0.0,0
0.42471910112359557,1.0,1.0,0.24604171902488062,0.0,0.0,0.007831878409428937,0.0,0
0.42584269662921354,1.0,1.0,0.2334757476752953,0.0,0.0,0.015175789316712771,0.6666666666666666,0
0.4269662921348315,0.0,0.0,0.5224930887157577,0.0,0.0,0.4440992237022602,0.0,1
0.4280898876404495,1.0,0.0,0.007288263382759488,0.0,0.3333333333333333,0.030725752114070404,0.0,1
0.42921348314606744,1.0,1.0,0.39683337521990447,0.0,0.0,0.015468569817999833,0.6666666666666666,0
0.4303370786516854,0.0,0.0,0.4345312892686604,0.125,0.0,0.10149724044618187,0.6666666666666666,1
0.43146067415730344,1.0,1.0,,0.0,0.0,0.015411575213749286,0.6666666666666666,0
0.4325842696629214,0.5,1.0,0.22090977632571,0.0,0.0,0.1434624456306609,0.6666666666666666,0
0.4337078651685394,1.0,1.0,0.007288263382759488,0.625,0.3333333333333333,0.09154270340242172,0.6666666666666666,0
0.43483146067415734,0.5,0.0,0.4470972606182458,0.0,0.0,0.025374310111545468,0.6666666666666666,1
0.4359550561797753,1.0,1.0,,0.0,0.0,0.015086393670319786,0.3333333333333333,0
0.4370786516853933,0.5,0.0,0.20834380497612465,0.0,0.0,0.023422440102965045,0.0,1
0.4382022471910113,0.0,1.0,0.4470972606182458,0.125,0.3333333333333333,0.23422440102965048,0.6666666666666666,1
0.4393258426966293,1.0,1.0,0.2586076903744659,0.0,0.0,0.015216388212891242,0.6666666666666666,1
0.44044943820224725,1.0,1.0,0.34656948982156316,0.25,0.0,0.015468569817999833,0.6666666666666666,0
0.4415730337078652,0.0,0.0,0.2837396330736366,0.125,0.0,0.22109807522194713,0.0,1
0.4426966292134832,1.0,0.0,0.2963056044232219,0.0,0.3333333333333333,0.03259622914329302,0.6666666666666666,1
0.44382022471910115,1.0,1.0,0.2711736617240512,0.0,0.0,0.015216388212891242,0.6666666666666666,0
0.4449438202247191,1.0,0.0,0.38426740387031916,0.0,0.0,0.015330377421392339,0.6666666666666666,0
0.44606741573033715,0.5,1.0,0.5727569741140991,0.0,0.0,0.050748620223090936,0.6666666666666666,0
0.4471910112359551,0.5,1.0,0.2837396330736366,0.0,0.0,0.020494635090094415,0.6666666666666666,0
0.4483146067415731,0.5,0.0,0.34656948982156316,0.0,0.0,0.02469115560854232,0.6666666666666666,1
0.44943820224719105,1.0,1.0,0.4847951746670017,0.0,0.0,0.015468569817999833,0.6666666666666666,1
0.450561797752809,1.0,1.0,0.32143754712239253,0.0,0.0,0.015712553569072387,0.6666666666666666,0
0.451685393258427,1.0,0.0,0.2586076903744659,0.125,0.0,0.019177122834302632,0.6666666666666666,0
0.452808988764045,1.0,1.0,0.34656948982156316,0.125,0.0,0.030937139635999665,0.6666666666666666,0
0.453932584269663,1.0,0.0,0.24604171902488062,0.0,0.0,0.016908073949327893,0.6666666666666666,0
0.45505617977528096,0.5,1.0,0.4219653179190751,0.125,0.0,0.04098927018018883,0.6666666666666666,0
0.4561797752808989,1.0,1.0,0.6355868308620256,0.0,0.0,0.015126992566498259,0.6666666666666666,0
0.4573033707865169,0.5,1.0,0.032420206081930136,0.125,0.16666666666666666,0.03659756266088288,0.6666666666666666,1
0.45842696629213486,1.0,1.0,0.2586076903744659,0.0,0.0,0.015175789316712771,0.6666666666666666,0
0.45955056179775283,1.0,0.0,,0.375,0.16666666666666666,0.049707687947515,0.6666666666666666,0
0.46067415730337086,1.0,1.0,,0.0,0.0,0.015411575213749286,0.6666666666666666,0
0.4617977528089888,1.0,1.0,,0.0,0.0,0.013386510079847098,0.3333333333333333,0
0.4629213483146068,0.0,0.0,0.4093993465694898,0.125,0.0,0.17566830077223786,0.3333333333333333,1
0.46404494382022476,0.5,1.0,,0.0,0.0,0.0,0.6666666666666666,0
0.46516853932584273,1.0,1.0,0.5476250314149284,0.0,0.0,0.015468569817999833,0.6666666666666666,1
0.4662921348314607,1.0,0.0,,0.0,0.0,0.015712553569072387,0.6666666666666666,0
0.4674157303370787,0.5,0.0,0.4219653179190751,0.125,0.16666666666666666,0.06343577527886367,0.6666666666666666,1
0.4685393258426967,0.5,0.0,0.22090977632571,0.0,0.3333333333333333,0.025374310111545468,0.6666666666666666,1
0.46966292134831467,0.5,1.0,0.37170143252073384,0.0,0.0,0.025374310111545468,0.6666666666666666,0
0.47078651685393264,1.0,0.0,0.12038200552902739,0.0,0.3333333333333333,0.04713766070721715,0.6666666666666666,0
0.4719101123595506,1.0,1.0,,0.0,0.0,0.015411575213749286,0.0,0
0.4730337078651686,1.0,1.0,0.2586076903744659,0.0,0.0,0.015094396337354966,0.3333333333333333,0
0.47415730337078654,1.0,1.0,0.35913546117114853,0.0,0.0,0.015370976317570811,0.6666666666666666,0
0.47528089887640457,1.0,0.0,0.34656948982156316,0.125,0.16666666666666666,0.028106928123558056,0.6666666666666666,0
0.47640449438202254,1.0,1.0,0.22090977632571,0.125,0.16666666666666666,0.039452172548431745,0.6666666666666666,0
0.4775280898876405,1.0,1.0,,0.0,0.0,0.014151057562208049,0.6666666666666666,0
0.4786516853932585,0.5,0.0,0.34656948982156316,0.125,0.0,0.050748620223090936,0.6666666666666666,1
0.47977528089887644,0.5,0.0,0.2334757476752953,0.0,0.0,0.050748620223090936,0.6666666666666666,1
0.4808988764044944,1.0,1.0,,0.0,0.0,0.015126992566498259,0.3333333333333333,0
0.48202247191011244,1.0,1.0,0.39683337521990447,0.0,0.0,0.015712553569072387,0.6666666666666666,1
0.4831460674157304,0.0,1.0,0.34656948982156316,0.0,0.0,0.051822148727810165,0.6666666666666666,1
0.4842696629213484,1.0,0.0,,0.125,0.0,0.031425107138144774,0.6666666666666666,1
0.48539325842696635,0.5,0.0,0.5224930887157577,0.125,0.0,0.050748620223090936,0.6666666666666666,1
0.4865168539325843,1.0,1.0,0.20834380497612465,0.0,0.0,0.013907073811135496,0.6666666666666666,0
0.4876404494382023,0.0,1.0,0.6230208595124404,0.125,0.0,0.1091095334796455,0.6666666666666666,0
0.48876404494382025,0.0,0.0,0.17064589092736868,0.125,0.3333333333333333,0.23422440102965048,0.6666666666666666,1
0.4898876404494383,1.0,0.0,0.2586076903744659,0.25,0.3333333333333333,0.06709553154495196,0.6666666666666666,0
0.49101123595505625,0.5,0.0,0.2963056044232219,0.25,0.5,0.03659756266088288,0.6666666666666666,1
0.4921348314606742,0.0,1.0,0.7989444584066349,0.125,0.6666666666666666,0.5133418122566507,0.6666666666666666,0
0.4932584269662922,0.5,1.0,0.38426740387031916,0.0,0.0,0.020494635090094415,0.6666666666666666,0
0.49438202247191015,0.5,0.0,0.5601910027645137,0.125,0.16666666666666666,0.05123658772523604,0.6666666666666666,1
0.4955056179775281,1.0,1.0,0.24604171902488062,0.0,0.0,0.018542765081513996,0.6666666666666666,0
0.4966292134831461,1.0,1.0,0.3088715757728072,0.125,0.0,0.015175789316712771,0.6666666666666666,0
0.4977528089887641,0.5,0.0,0.34656948982156316,0.0,0.0,0.025374310111545468,0.6666666666666666,1
0.49887640449438203,1.0,1.0,,0.0,0.0,0.015834545444608664,0.6666666666666666,1
0.5,0.0,1.0,0.04498617743151546,0.0,0.3333333333333333,0.15977676072337862,0.6666666666666666,1
0.501123595505618,0.5,0.0,0.15807991957778336,0.0,0.16666666666666666,0.038061465167318204,0.6666666666666666,1
0.5022471910112359,0.0,1.0,0.4219653179190751,0.0,0.0,0.051822148727810165,0.6666666666666666,1
0.503370786516854,1.0,0.0,0.05755214878110078,0.25,0.16666666666666666,0.03758969818624431,0.0,1
0.5044943820224719,0.0,1.0,0.648152802211611,0.0,0.0,0.05953203526170282,0.6666666666666666,1
0.5056179775280899,0.5,1.0,0.4470972606182458,0.125,0.3333333333333333,0.05416439273810667,0.6666666666666666,0
0.5067415730337078,1.0,1.0,,0.125,0.0,0.03897240290032268,0.6666666666666666,0
0.5078651685393258,0.0,1.0,0.37170143252073384,0.0,0.0,0.05416439273810667,0.0,0
0.5089887640449439,0.0,1.0,0.610454888162855,0.125,0.0,0.17391981561855152,0.0,1
0.5101123595505618,1.0,1.0,,0.0,0.0,0.015712553569072387,0.6666666666666666,0
0.5112359550561798,1.0,1.0,0.35913546117114853,0.0,0.0,0.015411575213749286,0.0,1
0.5123595505617977,0.0,1.0,0.8115104297562202,0.0,0.0,0.051822148727810165,0.6666666666666666,0
0.5134831460674157,0.0,0.0,,0.125,0.0,0.10122885832000206,0.6666666666666666,1
0.5146067415730337,0.5,0.0,0.6230208595124404,0.0,0.0,0.020494635090094415,0.6666666666666666,1
0.5157303370786517,1.0,1.0,,0.0,0.0,0.015126992566498259,0.3333333333333333,0
0.5168539325842697,0.0,1.0,0.5978889168132697,0.0,0.0,0.051822148727810165,0.6666666666666666,1
0.5179775280898876,1.0,1.0,0.4219653179190751,0.0,0.0,0.015712553569072387,0.6666666666666666,0
0.5191011235955056,0.0,1.0,0.5853229454636844,0.0,0.0,0.07514699533034619,0.6666666666666666,0
0.5202247191011236,0.5,1.0,0.5978889168132697,0.0,0.0,0.025374310111545468,0.6666666666666666,0
0.5213483146067416,1.0,1.0,,0.0,0.0,0.015712553569072387,0.6666666666666666,0
0.5224719101123595,1.0,1.0,0.4722292033174164,0.0,0.0,0.013760683560491965,0.6666666666666666,0
0.5235955056179775,0.5,1.0,,0.0,0.0,0.0,0.6666666666666666,0
0.5247191011235955,0.0,1.0,0.6984166876099522,0.0,0.0,0.051822148727810165,0.6666666666666666,0
0.5258426966292135,1.0,1.0,,0.0,0.0,0.015078195816283748,0.3333333333333333,0
0.5269662921348315,1.0,0.0,0.0041467705453631576,0.25,0.16666666666666666,0.03758969818624431,0.0,1
0.5280898876404494,1.0,1.0,,0.0,0.0,0.014151057562208049,0.6666666666666666,0
0.5292134831460674,1.0,1.0,0.4722292033174164,0.0,0.0,0.016908073949327893,0.6666666666666666,0
0.5303370786516854,0.5,0.0,0.4093993465694898,0.125,0.3333333333333333,0.05416439273810667,0.6666666666666666,1
0.5314606741573034,0.5,0.0,0.2837396330736366,0.0,0.0,0.026919605597338588,0.0,1
0.5325842696629214,1.0,0.0,0.2711736617240512,0.0,0.0,0.019201521209409888,0.6666666666666666,0
0.5337078651685393,0.0,1.0,,0.0,0.0,0.10149724044618187,0.6666666666666666,0
0.5348314606741573,0.5,1.0,0.4219653179190751,0.125,0.0,0.04098927018018883,0.6666666666666666,0
0.5359550561797752,1.0,1.0,0.35913546117114853,0.125,0.0,0.013752485706455927,0.6666666666666666,0
0.5370786516853933,1.0,1.0,0.2711736617240512,0.0,0.0,0.014679623960531627,0.6666666666666666,0
0.5382022471910113,1.0,0.0,0.01985423473234481,0.0,0.16666666666666666,0.023983602730431916,0.6666666666666666,1
0.5393258426966292,1.0,1.0,0.10781603417944208,0.625,0.3333333333333333,0.09154270340242172,0.6666666666666666,0
0.5404494382022472,0.5,1.0,,0.0,0.0,0.0,0.6666666666666666,0
0.5415730337078651,1.0,1.0,0.6230208595124404,0.0,0.0,0.015712553569072387,0.6666666666666666,0
0.5426966292134832,1.0,0.0,0.7863784870570495,0.0,0.0,0.018713553707264782,0.6666666666666666,1
0.5438202247191011,0.0,1.0,0.3088715757728072,0.125,0.0,0.17777475888549785,0.0,1
0.5449438202247191,1.0,0.0,,0.375,0.16666666666666666,0.049707687947515,0.6666666666666666,0
0.5460674157303371,0.0,0.0,0.4345312892686604,0.125,0.0,0.17566830077223786,0.6666666666666666,1
0.547191011235955,0.0,1.0,0.723548630309123,0.0,0.0,0.057970539254838485,0.0,0
0.5483146067415731,1.0,1.0,0.37170143252073384,0.0,0.0,0.015712553569072387,0.6666666666666666,0
0.549438202247191,1.0,1.0,0.10781603417944208,0.125,0.16666666666666666,0.031034733136428686,0.6666666666666666,1
0.550561797752809,1.0,1.0,,0.125,0.0,0.03897240290032268,0.6666666666666666,0
0.5516853932584269,1.0,1.0,0.2586076903744659,0.0,0.0,0.014151057562208049,0.6666666666666666,0
0.5528089887640449,0.0,1.0,0.685850716260367,0.0,0.0,0.05953203526170282,0.6666666666666666,0
0.553932584269663,0.0,1.0,0.8869062578537321,0.0,0.0,0.09662576327876685,0.0,0
0.5550561797752809,1.0,1.0,0.2586076903744659,0.0,0.0,0.015712553569072387,0.6666666666666666,0
0.5561797752808989,1.0,1.0,,0.0,0.0,0.028220722145058292,0.0,0
0.5573033707865168,0.0,0.0,0.6732847449107816,0.125,0.0,0.1527664244005612,0.0,1
0.5584269662921348,1.0,1.0,,0.0,0.0,0.029473237129564348,0.6666666666666666,0
0.5595505617977529,0.0,0.0,0.3088715757728072,0.125,0.3333333333333333,0.29580589980036276,0.6666666666666666,0
0.5606741573033708,1.0,1.0,0.2963056044232219,0.0,0.0,0.015216388212891242,0.6666666666666666,0
0.5617977528089888,1.0,1.0,0.20834380497612465,0.0,0.0,0.016908073949327893,0.6666666666666666,0
0.5629213483146067,1.0,0.0,0.2586076903744659,0.0,0.0,0.015126992566498259,0.3333333333333333,0
0.5640449438202247,1.0,0.0,,0.0,0.0,0.014891206669461744,0.3333333333333333,0
0.5651685393258427,1.0,0.0,0.4596632319678311,0.0,0.0,0.018713553707264782,0.6666666666666666,0
0.5662921348314607,0.0,0.0,0.19577783362653933,0.0,0.0,0.16883675574220638,0.6666666666666666,1
0.5674157303370787,0.0,1.0,0.22090977632571,0.125,0.0,0.2125586439344078,0.0,0
0.5685393258426966,0.5,0.0,0.4093993465694898,0.0,0.3333333333333333,0.050748620223090936,0.6666666666666666,1
0.5696629213483146,0.0,1.0,,0.0,0.0,0.051822148727810165,0.6666666666666666,1
0.5707865168539326,1.0,1.0,0.34656948982156316,0.0,0.0,0.04396587194327397,0.6666666666666666,0
0.5719101123595506,1.0,1.0,0.32143754712239253,0.0,0.0,0.11027245763075773,0.6666666666666666,1
0.5730337078651685,1.0,1.0,0.35913546117114853,0.0,0.0,0.015126992566498259,0.3333333333333333,1
0.5741573033707865,1.0,1.0,,0.0,0.0,0.015712553569072387,0.6666666666666666,0
0.5752808988764045,0.0,1.0,0.4470972606182458,0.0,0.0,0.05130978285055781,0.6666666666666666,1
0.5764044943820225,0.0,0.0,0.6732847449107816,0.125,0.0,0.11594107850967697,0.0,1
0.5775280898876405,1.0,1.0,0.2963056044232219,0.0,0.0,0.014630827210317117,0.6666666666666666,0
0.5786516853932584,0.0,1.0,0.5853229454636844,0.0,0.0,0.06640417918791278,0.6666666666666666,0
0.5797752808988764,0.5,0.0,0.4219653179190751,0.0,0.0,0.020494635090094415,0.6666666666666666,1
0.5808988764044943,1.0,1.0,,0.0,0.0,0.04713766070721715,0.3333333333333333,0
0.5820224719101124,0.5,0.0,0.4470972606182458,0.125,0.0,0.050748620223090936,0.6666666666666666,1
0.5831460674157304,1.0,1.0,0.39683337521990447,0.0,0.0,0.015411575213749286,0.6666666666666666,0
0.5842696629213483,0.0,0.0,0.37170143252073384,0.0,0.0,0.18249984580226933,0.6666666666666666,1
0.5853932584269663,1.0,1.0,0.2711736617240512,0.0,0.0,0.015411575213749286,0.6666666666666666,0
0.5865168539325842,1.0,1.0,,0.0,0.0,0.014102260811993537,0.0,0
0.5876404494382023,0.0,0.0,0.5476250314149284,0.0,0.16666666666666666,0.11316786160148591,0.0,1
0.5887640449438202,1.0,1.0,,0.0,0.0,0.014110458666029575,0.0,0
0.5898876404494382,1.0,1.0,0.5036441316913798,0.0,0.0,0.015126992566498259,0.3333333333333333,0
0.5910112359550562,0.5,0.0,0.6230208595124404,0.0,0.0,0.020494635090094415,0.6666666666666666,1
0.5921348314606741,0.0,1.0,,0.0,0.0,0.4328841690069588,0.6666666666666666,0
0.5932584269662922,1.0,1.0,0.4847951746670017,0.0,0.0,0.015468569817999833,0.6666666666666666,0
0.5943820224719101,0.5,1.0,0.2837396330736366,0.25,0.16666666666666666,0.022446505098674838,0.6666666666666666,0
0.5955056179775281,0.5,0.0,0.01985423473234481,0.125,0.16666666666666666,0.050748620223090936,0.6666666666666666,1
0.5966292134831461,1.0,1.0,,0.0,0.0,0.014110458666029575,0.0,0
0.597752808988764,1.0,1.0,0.20834380497612465,0.125,0.16666666666666666,0.014110458666029575,0.0,0
0.5988764044943821,1.0,0.0,,0.0,0.3333333333333333,0.04364049521284362,0.0,1
0.6,1.0,0.0,0.37170143252073384,0.0,0.0,0.016908073949327893,0.6666666666666666,0
0.601123595505618,0.5,0.0,0.08268409148027142,0.0,0.3333333333333333,0.05123658772523604,0.6666666666666666,1
0.6022471910112359,0.0,1.0,0.5601910027645137,0.0,0.0,0.051822148727810165,0.6666666666666666,0
0.6033707865168539,0.0,0.0,0.37170143252073384,0.0,0.0,0.20772776566317125,0.0,1
0.604494382022472,1.0,1.0,,0.0,0.0,0.028302115124416098,0.6666666666666666,0
0.6056179775280899,0.0,0.0,0.2711736617240512,0.0,0.3333333333333333,0.09661756542473082,0.0,1
0.6067415730337079,0.0,0.0,0.4470972606182458,0.0,0.3333333333333333,0.13858277060920987,0.6666666666666666,1
0.6078651685393258,1.0,0.0,0.10781603417944208,0.5,0.3333333333333333,0.06104473451835265,0.6666666666666666,0
0.6089887640449438,1.0,0.0,0.1329479768786127,0.5,0.3333333333333333,0.06104473451835265,0.6666666666666666,0
0.6101123595505618,0.5,1.0,0.39683337521990447,0.125,0.0,0.050748620223090936,0.6666666666666666,1
0.6112359550561798,0.0,1.0,0.6230208595124404,0.125,0.0,0.20772776566317125,0.0,0
0.6123595505617978,0.0,1.0,0.7989444584066349,0.0,0.0,0.050748620223090936,0.6666666666666666,0
0.6134831460674157,0.5,0.0,0.2334757476752953,0.125,0.0,0.050748620223090936,0.6666666666666666,1
0.6146067415730337,0.5,1.0,,0.0,0.0,0.02705779799394608,0.0,1
0.6157303370786517,1.0,1.0,0.4093993465694898,0.125,0.16666666666666666,0.04006213192611313,0.6666666666666666,0
0.6168539325842697,0.5,1.0,0.09525006282985675,0.125,0.16666666666666666,0.07173122281533045,0.6666666666666666,1
0.6179775280898876,0.0,1.0,0.20834380497612465,0.0,0.3333333333333333,0.21642978772242535,0.0,1
0.6191011235955056,0.5,1.0,0.33400351847197784,0.0,0.0,0.050748620223090936,0.6666666666666666,0
0.6202247191011236,1.0,1.0,,0.0,0.0,0.015281580671177828,0.3333333333333333,0
0.6213483146067416,1.0,1.0,0.2711736617240512,0.0,0.0,0.014102260811993537,0.0,1
0.6224719101123596,1.0,0.0,0.2711736617240512,0.0,0.0,0.015175789316712771,0.6666666666666666,1
0.6235955056179775,0.0,1.0,0.7738125157074642,0.0,0.0,0.051822148727810165,0.6666666666666666,0
0.6247191011235955,0.0,0.0,0.5978889168132697,0.125,0.0,0.07729405233978466,0.0,1
0.6258426966292135,0.0,1.0,,0.0,0.0,0.4440992237022602,0.0,0
0.6269662921348315,0.0,0.0,0.4847951746670017,0.125,0.16666666666666666,0.1554664461834305,0.6666666666666666,1
0.6280898876404495,1.0,0.0,0.4470972606182458,0.125,0.0,0.033962538149299316,0.6666666666666666,1
0.6292134831460674,1.0,1.0,,0.0,0.0,0.015126992566498259,0.3333333333333333,0
0.6303370786516854,1.0,1.0,0.49736114601658704,0.0,0.0,0.015411575213749286,0.6666666666666666,0
0.6314606741573033,0.5,1.0,0.34656948982156316,0.0,0.0,0.026350245115835676,0.6666666666666666,0
0.6325842696629214,1.0,1.0,,0.0,0.0,0.015712553569072387,0.6666666666666666,0
0.6337078651685394,1.0,0.0,,0.0,0.0,0.015712553569072387,0.6666666666666666,0
0.6348314606741573,1.0,1.0,0.2963056044232219,0.25,0.0,0.04713766070721715,0.6666666666666666,0
0.6359550561797753,1.0,1.0,0.2334757476752953,0.0,0.0,0.015411575213749286,0.6666666666666666,0
0.6370786516853932,1.0,0.0,0.35913546117114853,0.0,0.6666666666666666,0.04113566043083236,0.6666666666666666,0
0.6382022471910113,1.0,1.0,,0.0,0.0,0.014110458666029575,0.0,0
0.6393258426966292,1.0,1.0,0.39683337521990447,0.0,0.0,0.015330377421392339,0.6666666666666666,1
0.6404494382022472,0.5,1.0,0.7738125157074642,0.0,0.0,0.020494635090094415,0.6666666666666666,1
0.6415730337078652,0.0,0.0,0.6607187735611963,0.25,0.0,0.10048070654571319,0.6666666666666666,1
0.6426966292134831,0.0,1.0,0.4470972606182458,0.0,0.0,0.051504969851415845,0.6666666666666666,1
0.6438202247191012,1.0,0.0,,0.0,0.0,0.015126992566498259,0.3333333333333333,1
0.6449438202247191,1.0,1.0,0.19577783362653933,0.0,0.0,0.015712553569072387,0.6666666666666666,0
0.6460674157303371,1.0,1.0,0.2334757476752953,0.0,0.0,0.028302115124416098,0.6666666666666666,0
0.647191011235955,0.5,0.0,0.4219653179190751,0.0,0.0,0.025374310111545468,0.6666666666666666,1
0.648314606741573,0.0,0.0,0.4847951746670017,0.125,0.0,0.1091095334796455,0.6666666666666666,1
0.6494382022471911,1.0,0.0,,0.125,0.0,0.028220722145058292,0.0,0
0.650561797752809,1.0,1.0,0.39683337521990447,0.0,0.0,0.015468569817999833,0.6666666666666666,1
0.651685393258427,0.5,0.0,0.3088715757728072,0.125,0.16666666666666666,0.05855610025741262,0.6666666666666666,1
0.6528089887640449,0.0,0.0,0.4847951746670017,0.125,0.16666666666666666,0.21642978772242535,0.0,1
0.6539325842696629,0.5,1.0,0.6732847449107816,0.0,0.0,0.050748620223090936,0.6666666666666666,0
0.6550561797752809,0.0,1.0,0.4470972606182458,0.0,0.0,0.07831878409428937,0.0,0
0.6561797752808989,1.0,1.0,,0.0,0.0,0.017005667449756914,0.0,0
0.6573033707865169,0.0,0.0,0.22090977632571,0.0,0.3333333333333333,0.1554664461834305,0.6666666666666666,1
0.6584269662921348,0.5,1.0,0.5853229454636844,0.0,0.0,0.02927805012870631,0.6666666666666666,0
0.6595505617977528,0.0,1.0,0.7486805730082936,0.125,0.16666666666666666,0.15458810467956932,0.0,1
0.6606741573033708,1.0,1.0,0.2711736617240512,0.0,0.0,0.015712553569072387,0.6666666666666666,0
0.6617977528089888,1.0,1.0,,0.0,0.0,0.015712553569072387,0.6666666666666666,0
0.6629213483146068,1.0,1.0,0.4345312892686604,0.0,0.0,0.013907073811135496,0.6666666666666666,0
0.6640449438202247,0.0,0.0,0.648152802211611,0.125,0.0,0.1527664244005612,0.0,1
0.6651685393258427,1.0,1.0,0.5853229454636844,0.0,0.0,0.014151057562208049,0.6666666666666666,0
0.6662921348314607,1.0,0.0,,0.0,0.3333333333333333,0.015126992566498259,0.3333333333333333,0
0.6674157303370787,0.5,1.0,0.4596632319678311,0.125,0.0,0.050748620223090936,0.6666666666666666,0
0.6685393258426966,1.0,1.0,0.4470972606182458,0.125,0.16666666666666666,0.04713766070721715,0.6666666666666666,0
0.6696629213483146,0.5,0.0,,0.0,0.0,0.06441171028315387,0.6666666666666666,1
0.6707865168539326,1.0,1.0,0.610454888162855,0.0,0.0,0.0,0.6666666666666666,0
0.6719101123595506,1.0,1.0,,0.0,0.0,0.014102260811993537,0.0,0
0.6730337078651686,0.0,1.0,0.610454888162855,0.125,0.0,0.11111839809247648,0.0,1
0.6741573033707865,0.5,0.0,0.2963056044232219,0.25,0.16666666666666666,0.05270049023167135,0.6666666666666666,1
0.6752808988764045,1.0,1.0,,0.0,0.0,0.015411575213749286,0.6666666666666666,0
0.6764044943820224,0.0,1.0,,0.0,0.0,0.08275928836380983,0.6666666666666666,0
0.6775280898876405,1.0,1.0,0.5476250314149284,0.0,0.0,0.015712553569072387,0.6666666666666666,0
0.6786516853932585,0.0,1.0,0.4345312892686604,0.0,0.0,0.051822148727810165,0.0,1
0.6797752808988764,1.0,1.0,0.4470972606182458,0.125,0.0,0.030351578633425542,0.6666666666666666,0
0.6808988764044944,1.0,1.0,0.37170143252073384,0.0,0.0,0.015411575213749286,0.6666666666666666,0
0.6820224719101123,0.0,1.0,0.33400351847197784,0.0,0.0,0.05953203526170282,0.6666666666666666,1
0.6831460674157304,0.5,0.0,0.2711736617240512,0.125,0.3333333333333333,0.08115719346076702,0.0,1
0.6842696629213483,0.0,0.0,0.49736114601658704,0.0,0.0,0.2995388511917728,0.6666666666666666,1
0.6853932584269663,1.0,0.0,0.4847951746670017,0.125,0.8333333333333333,0.06104473451835265,0.6666666666666666,0
0.6865168539325843,1.0,1.0,,0.0,0.0,0.013760683560491965,0.6666666666666666,0
0.6876404494382022,1.0,0.0,,0.125,0.0,0.030253985132996517,0.3333333333333333,1
0.6887640449438203,1.0,1.0,,0.0,0.0,0.015126992566498259,0.3333333333333333,0
0.6898876404494382,1.0,1.0,0.4345312892686604,0.0,0.0,0.015712553569072387,0.6666666666666666,0
0.6910112359550562,0.5,0.0,0.2963056044232219,0.125,0.3333333333333333,0.12687155055772734,0.6666666666666666,1
0.6921348314606741,1.0,1.0,0.4219653179190751,0.125,0.16666666666666666,0.028106928123558056,0.6666666666666666,0
0.6932584269662921,1.0,0.0,0.32143754712239253,0.125,0.0,0.031425107138144774,0.6666666666666666,0
0.6943820224719102,0.5,0.0,0.04498617743151546,0.25,0.16666666666666666,0.07612293033463641,0.6666666666666666,1
0.6955056179775281,0.5,1.0,0.32143754712239253,0.0,0.0,0.020494635090094415,0.6666666666666666,0
0.6966292134831461,1.0,1.0,0.33400351847197784,0.125,0.0,0.028212719478023115,0.0,0
0.697752808988764,0.0,1.0,0.5224930887157577,0.125,0.0,0.10257896680493714,0.6666666666666666,1
0.698876404494382,1.0,1.0,0.24604171902488062,0.125,0.16666666666666666,0.030725752114070404,0.0,1
0.7000000000000001,1.0,1.0,0.2586076903744659,0.0,0.0,0.015330377421392339,0.6666666666666666,0
0.701123595505618,1.0,1.0,0.2586076903744659,0.0,0.0,0.031425107138144774,0.6666666666666666,0
0.702247191011236,0.0,1.0,0.7612465443578789,0.0,0.0,0.06308600017332605,0.6666666666666666,0
0.7033707865168539,0.5,1.0,0.7109826589595376,0.0,0.0,0.024105594605968193,0.3333333333333333,0
0.7044943820224719,0.0,0.0,0.2586076903744659,0.0,0.0,0.15216446768991498,0.6666666666666666,1
0.7056179775280899,1.0,1.0,0.32143754712239253,0.0,0.0,0.015411575213749286,0.6666666666666666,0
0.7067415730337079,1.0,1.0,,0.0,0.0,0.015094396337354966,0.3333333333333333,0
0.7078651685393259,0.0,1.0,1.0,0.0,0.0,0.05855610025741262,0.6666666666666666,1
0.7089887640449438,1.0,1.0,0.6355868308620256,0.0,0.0,0.013768881414528002,0.6666666666666666,0
0.7101123595505618,0.0,1.0,0.39683337521990447,0.0,0.0,0.05953203526170282,0.0,1
0.7112359550561798,0.0,1.0,,0.0,0.0,0.0,0.6666666666666666,0
0.7123595505617978,1.0,0.0,0.10781603417944208,0.375,0.3333333333333333,0.05445717323939373,0.6666666666666666,0
0.7134831460674157,0.5,0.0,0.34656948982156316,0.0,0.0,0.025374310111545468,0.6666666666666666,1
0.7146067415730337,1.0,1.0,0.39683337521990447,0.0,0.0,0.015468569817999833,0.6666666666666666,0
0.7157303370786517,0.5,1.0,0.38426740387031916,0.125,0.16666666666666666,0.05123658772523604,0.6666666666666666,0
0.7168539325842697,1.0,0.0,0.5099271173661725,0.0,0.8333333333333333,0.07746484096553544,0.6666666666666666,0
0.7179775280898877,1.0,1.0,,0.125,0.0,0.031425107138144774,0.6666666666666666,0
0.7191011235955056,1.0,1.0,0.24604171902488062,0.0,0.0,0.015330377421392339,0.6666666666666666,0
0.7202247191011236,0.0,0.0,0.2963056044232219,0.0,0.0,0.13526459159462315,0.0,1
0.7213483146067415,1.0,0.0,0.01985423473234481,0.375,0.3333333333333333,0.05445717323939373,0.6666666666666666,0
0.7224719101123596,1.0,1.0,,0.0,0.0,0.11027245763075773,0.6666666666666666,1
0.7235955056179776,1.0,0.0,0.0041467705453631576,0.25,0.16666666666666666,0.03758969818624431,0.0,1
0.7247191011235955,0.0,1.0,0.5978889168132697,0.125,0.0,0.1497654242623688,0.0,1
0.7258426966292135,1.0,1.0,0.2334757476752953,0.0,0.0,0.015411575213749286,0.6666666666666666,0
0.7269662921348314,0.0,1.0,0.6984166876099522,0.0,0.0,0.06929138530460494,0.0,1
0.7280898876404495,1.0,1.0,,0.0,0.0,0.014736618564782174,0.6666666666666666,0
0.7292134831460675,1.0,0.0,0.2837396330736366,0.0,0.0,0.014736618564782174,0.6666666666666666,1
0.7303370786516854,1.0,1.0,,0.0,0.0,0.015411575213749286,0.6666666666666666,0
0.7314606741573034,0.5,0.0,0.22090977632571,0.0,0.16666666666666666,0.044893010197349675,0.6666666666666666,1
0.7325842696629213,1.0,1.0,0.2586076903744659,0.0,0.0,0.01646070534336126,0.6666666666666666,0
0.7337078651685394,1.0,0.0,,0.0,0.0,0.015281580671177828,0.3333333333333333,1
0.7348314606741573,1.0,0.0,0.22090977632571,0.0,0.0,0.013175122557917838,0.3333333333333333,0
0.7359550561797753,0.5,1.0,0.2963056044232219,0.25,0.0,0.1434624456306609,0.6666666666666666,0
0.7370786516853933,1.0,1.0,,0.0,0.0,0.015411575213749286,0.6666666666666666,0
0.7382022471910112,1.0,0.0,0.39683337521990447,0.125,0.16666666666666666,0.030253985132996517,0.3333333333333333,0
0.7393258426966293,0.5,1.0,0.2837396330736366,0.0,0.0,0.025374310111545468,0.6666666666666666,0
0.7404494382022472,0.0,1.0,0.723548630309123,0.0,0.3333333333333333,0.22109807522194713,0.0,0
0.7415730337078652,0.0,1.0,0.6230208595124404,0.25,0.0,0.2608674266467732,0.6666666666666666,1
0.7426966292134831,1.0,1.0,0.49736114601658704,0.0,0.0,0.014102260811993537,0.0,0
0.7438202247191011,0.0,1.0,0.5853229454636844,0.0,0.0,0.04994347384455151,0.6666666666666666,0
0.7449438202247192,1.0,1.0,0.4470972606182458,0.0,0.0,0.014630827210317117,0.6666666666666666,0
0.7460674157303371,1.0,1.0,0.24604171902488062,0.125,0.0,0.015468569817999833,0.6666666666666666,1
0.7471910112359551,0.5,1.0,0.39683337521990447,0.25,0.0,0.1434624456306609,0.6666666666666666,0
0.748314606741573,0.5,1.0,0.3088715757728072,0.0,0.0,0.025374310111545468,0.6666666666666666,0
0.749438202247191,1.0,1.0,,0.0,0.0,0.015175789316712771,0.6666666666666666,0
0.750561797752809,1.0,1.0,0.5350590600653431,0.0,0.0,0.015712553569072387,0.6666666666666666,0
0.751685393258427,0.0,0.0,,0.125,0.0,0.10149724044618187,0.6666666666666666,1
0.752808988764045,0.5,0.0,0.49736114601658704,0.125,0.16666666666666666,0.07612293033463641,0.6666666666666666,1
0.7539325842696629,0.0,1.0,0.38426740387031916,0.125,0.0,0.10149724044618187,0.6666666666666666,0
0.755056179775281,0.5,1.0,0.8743402865041467,0.0,0.0,0.020494635090094415,0.6666666666666666,0
0.7561797752808989,0.5,1.0,0.38426740387031916,0.0,0.0,0.025374310111545468,0.6666666666666666,1
0.7573033707865169,0.5,1.0,,0.0,0.0,0.0,0.6666666666666666,0
0.7584269662921348,1.0,1.0,0.22090977632571,0.0,0.0,0.015175789316712771,0.6666666666666666,0
0.7595505617977528,1.0,1.0,0.30258859009801453,0.0,0.0,0.015712553569072387,0.6666666666666666,0
0.7606741573033708,1.0,0.0,0.22090977632571,0.0,0.0,0.019209719063445922,0.6666666666666666,1
0.7617977528089888,1.0,0.0,0.5350590600653431,0.125,1.0,0.09154270340242172,0.6666666666666666,0
0.7629213483146068,0.0,1.0,0.4470972606182458,0.0,0.16666666666666666,1.0,0.0,1
0.7640449438202247,1.0,0.0,,0.0,0.0,0.01588334219482317,0.3333333333333333,0
0.7651685393258427,0.0,1.0,0.33400351847197784,0.0,0.0,0.1497654242623688,0.0,1
0.7662921348314607,1.0,1.0,0.24604171902488062,0.0,0.0,0.01800600082915438,0.6666666666666666,0
0.7674157303370787,1.0,1.0,0.17064589092736868,0.625,0.3333333333333333,0.09154270340242172,0.6666666666666666,0
0.7685393258426967,0.5,1.0,0.7486805730082936,0.125,0.16666666666666666,0.07612293033463641,0.6666666666666666,0
0.7696629213483146,0.5,1.0,0.3088715757728072,0.125,0.3333333333333333,0.08115719346076702,0.0,0
0.7707865168539326,1.0,1.0,0.17064589092736868,0.5,0.16666666666666666,0.07746484096553544,0.6666666666666666,0
0.7719101123595505,1.0,1.0,0.2334757476752953,0.0,0.0,0.019852079483269742,0.6666666666666666,0
0.7730337078651686,1.0,1.0,0.22090977632571,0.0,0.0,0.015216388212891242,0.6666666666666666,0
0.7741573033707866,0.0,0.0,0.18321186227695402,0.0,0.16666666666666666,0.41250332793836464,0.6666666666666666,1
0.7752808988764045,0.0,1.0,0.38426740387031916,0.125,0.0,0.11125659048908397,0.6666666666666666,1
0.7764044943820225,1.0,0.0,0.04498617743151546,0.0,0.16666666666666666,0.026187654344120927,0.0,1
0.7775280898876404,1.0,1.0,,0.0,0.0,0.11027245763075773,0.6666666666666666,1
0.7786516853932585,1.0,1.0,0.3088715757728072,0.0,0.0,0.014102260811993537,0.0,0
0.7797752808988764,0.0,1.0,0.7486805730082936,0.0,0.0,0.051822148727810165,0.6666666666666666,0
0.7808988764044944,0.5,1.0,0.648152802211611,0.0,0.0,0.026350245115835676,0.6666666666666666,0
0.7820224719101124,1.0,1.0,0.5476250314149284,0.0,0.0,0.015712553569072387,0.6666666666666666,0
0.7831460674157303,1.0,0.0,,0.0,0.0,0.015094396337354966,0.3333333333333333,1
0.7842696629213484,0.0,1.0,0.610454888162855,0.125,0.16666666666666666,0.21642978772242535,0.0,0
0.7853932584269663,1.0,1.0,0.5224930887157577,0.0,0.0,0.014931805565640218,0.6666666666666666,0
0.7865168539325843,0.0,0.0,0.22090977632571,0.125,0.0,0.4440992237022602,0.0,1
0.7876404494382022,0.0,1.0,0.4345312892686604,0.0,0.0,0.05130978285055781,0.6666666666666666,1
0.7887640449438202,1.0,0.0,0.22090977632571,0.0,0.16666666666666666,0.028212719478023115,0.0,0
0.7898876404494383,1.0,1.0,0.3088715757728072,0.0,0.0,0.015110792045427042,0.3333333333333333,0
0.7910112359550562,1.0,1.0,0.32143754712239253,0.125,0.0,0.015330377421392339,0.6666666666666666,0
0.7921348314606742,0.5,1.0,0.4847951746670017,0.0,0.0,0.050748620223090936,0.6666666666666666,0
0.7932584269662921,0.5,0.0,0.5601910027645137,0.0,0.0,0.026350245115835676,0.6666666666666666,1
0.7943820224719101,0.0,1.0,0.5224930887157577,0.0,0.0,0.05130978285055781,0.6666666666666666,1
0.7955056179775282,0.0,0.0,0.2711736617240512,0.0,0.0,0.29580589980036276,0.6666666666666666,1
0.7966292134831461,1.0,1.0,,0.125,0.16666666666666666,0.029757819776815374,0.0,1
0.7977528089887641,0.0,0.0,0.2963056044232219,0.0,0.0,0.09662576327876685,0.0,1
0.798876404494382,0.0,1.0,,0.0,0.0,0.051822148727810165,0.6666666666666666,0
0.8,0.0,1.0,0.5978889168132697,0.125,0.0,0.10149724044618187,0.6666666666666666,1
0.801123595505618,1.0,1.0,0.35913546117114853,0.0,0.0,0.018510168852370702,0.6666666666666666,0
0.802247191011236,0.5,1.0,0.648152802211611,0.0,0.0,0.025374310111545468,0.6666666666666666,0
0.803370786516854,1.0,1.0,0.2334757476752953,0.0,0.0,0.014931805565640218,0.6666666666666666,0
0.8044943820224719,0.0,0.0,0.4722292033174164,0.0,0.0,0.4440992237022602,0.0,1
0.80561797752809,0.5,0.0,0.33400351847197784,0.0,0.0,0.020494635090094415,0.6666666666666666,1
0.8067415730337079,1.0,1.0,,0.0,0.0,0.030253985132996517,0.3333333333333333,0
0.8078651685393259,1.0,1.0,0.4093993465694898,0.0,0.0,0.015175789316712771,0.6666666666666666,0
0.8089887640449438,0.5,0.0,0.0701181201306861,0.0,0.16666666666666666,0.06441171028315387,0.6666666666666666,1
0.8101123595505618,1.0,1.0,0.20834380497612465,0.125,0.0,0.013768881414528002,0.6666666666666666,0
0.8112359550561798,0.5,1.0,0.4219653179190751,0.0,0.0,0.025374310111545468,0.6666666666666666,0
0.8123595505617978,0.5,1.0,0.6230208595124404,0.0,0.0,0.025374310111545468,0.6666666666666666,0
0.8134831460674158,0.0,1.0,0.33400351847197784,0.125,0.0,0.10364429745562033,0.6666666666666666,1
0.8146067415730337,1.0,1.0,0.24604171902488062,0.0,0.0,0.016908073949327893,0.6666666666666666,0
0.8157303370786517,0.5,0.0,0.37170143252073384,0.375,0.0,0.04098927018018883,0.6666666666666666,1
0.8168539325842696,1.0,0.0,,0.0,0.0,0.015102594191391004,0.3333333333333333,1
0.8179775280898877,0.5,1.0,0.3088715757728072,0.125,0.0,0.050748620223090936,0.6666666666666666,0
0.8191011235955057,1.0,0.0,0.3088715757728072,0.125,0.0,0.015468569817999833,0.6666666666666666,0
0.8202247191011236,0.0,0.0,0.35913546117114853,0.0,0.0,0.41250332793836464,0.6666666666666666,1
0.8213483146067416,1.0,1.0,0.1329479768786127,0.0,0.0,0.036670757786204655,0.0,0
0.8224719101123595,0.5,1.0,,0.0,0.0,0.0,0.6666666666666666,0
0.8235955056179776,0.5,1.0,0.2837396330736366,0.0,0.0,0.025374310111545468,0.6666666666666666,0
0.8247191011235955,0.5,1.0,0.2837396330736366,0.0,0.0,0.025374310111545468,0.6666666666666666,0
0.8258426966292135,1.0,1.0,0.35285247549635584,0.0,0.0,0.031425107138144774,0.6666666666666666,0
0.8269662921348315,1.0,0.0,0.5978889168132697,0.125,0.5,0.06709553154495196,0.6666666666666666,0
0.8280898876404494,0.0,1.0,0.4345312892686604,0.0,0.0,1.0,0.0,1
0.8292134831460675,1.0,1.0,,0.0,0.0,0.015411575213749286,0.6666666666666666,0
0.8303370786516854,1.0,1.0,,0.0,0.0,0.015411575213749286,0.6666666666666666,0
0.8314606741573034,0.0,1.0,,0.0,0.0,0.05855610025741262,0.6666666666666666,1
0.8325842696629214,0.0,1.0,0.4470972606182458,0.125,0.0,0.15390495017656614,0.6666666666666666,0
0.8337078651685393,0.0,0.0,0.2586076903744659,0.25,0.3333333333333333,0.5121218935012878,0.0,1
0.8348314606741574,1.0,1.0,0.2963056044232219,0.125,0.0,0.031425107138144774,0.6666666666666666,0
0.8359550561797753,1.0,1.0,0.38426740387031916,0.0,0.0,0.015468569817999833,0.6666666666666666,1
0.8370786516853933,0.0,1.0,0.8743402865041467,0.125,0.16666666666666666,0.13858277060920987,0.6666666666666666,0
0.8382022471910112,1.0,1.0,0.19577783362653933,0.125,0.16666666666666666,0.03952536767375352,0.6666666666666666,0
0.8393258426966292,0.5,0.0,0.37170143252073384,0.0,0.0,0.025374310111545468,0.6666666666666666,1
0.8404494382022473,0.0,1.0,0.2334757476752953,0.125,0.0,0.10364429745562033,0.6666666666666666,0
0.8415730337078652,1.0,1.0,0.38426740387031916,0.0,0.0,0.015126992566498259,0.3333333333333333,0
0.8426966292134832,0.5,0.0,0.04498617743151546,0.125,0.16666666666666666,0.044893010197349675,0.6666666666666666,1
0.8438202247191011,1.0,1.0,0.0701181201306861,0.0,0.16666666666666666,0.024349578357040744,0.6666666666666666,1
0.8449438202247191,1.0,1.0,0.4093993465694898,0.0,0.0,0.018542765081513996,0.6666666666666666,0
0.8460674157303371,1.0,1.0,0.2837396330736366,0.0,0.0,0.015411575213749286,0.6666666666666666,0
0.8471910112359551,0.5,0.0,0.5978889168132697,0.125,0.3333333333333333,0.12687155055772734,0.6666666666666666,1
0.8483146067415731,0.5,1.0,0.003141492837396331,0.125,0.16666666666666666,0.028302115124416098,0.6666666666666666,1
0.849438202247191,1.0,1.0,0.34656948982156316,0.0,0.0,0.015216388212891242,0.6666666666666666,0
0.850561797752809,0.5,1.0,0.22090977632571,0.0,0.0,0.022446505098674838,0.6666666666666666,0
0.851685393258427,1.0,1.0,0.4219653179190751,0.0,0.0,0.015712553569072387,0.6666666666666666,0
0.852808988764045,0.0,0.0,0.4093993465694898,0.0,0.0,0.16883675574220638,0.6666666666666666,1
0.8539325842696629,1.0,1.0,,0.0,0.0,0.028302115124416098,0.6666666666666666,0
0.8550561797752809,1.0,1.0,0.5099271173661725,0.0,0.0,0.013907073811135496,0.6666666666666666,0
0.856179775280899,1.0,1.0,0.24604171902488062,0.0,0.0,0.014110458666029575,0.0,1
0.8573033707865169,0.0,0.0,0.4470972606182458,0.125,0.3333333333333333,0.23422440102965048,0.6666666666666666,1
0.8584269662921349,1.0,1.0,0.19577783362653933,0.0,0.0,0.015175789316712771,0.6666666666666666,0
0.8595505617977528,0.0,0.0,0.6355868308620256,0.125,0.0,0.15216446768991498,0.6666666666666666,1
0.8606741573033708,0.0,1.0,,0.0,0.0,0.07729405233978466,0.0,0
0.8617977528089887,1.0,0.0,0.3779844181955265,0.0,0.0,0.015126992566498259,0.3333333333333333,0
0.8629213483146068,1.0,1.0,,0.125,0.0,0.04713766070721715,0.3333333333333333,0
0.8640449438202248,1.0,1.0,0.39683337521990447,0.0,0.0,0.016322512946753766,0.6666666666666666,0
0.8651685393258427,1.0,1.0,0.2963056044232219,0.0,0.0,0.018542765081513996,0.6666666666666666,0
0.8662921348314607,1.0,1.0,0.5978889168132697,0.0,0.0,0.015330377421392339,0.6666666666666666,0
0.8674157303370786,0.5,0.0,0.7109826589595376,0.0,0.0,0.020494635090094415,0.6666666666666666,0
0.8685393258426967,1.0,1.0,,0.0,0.0,0.014102260811993537,0.0,0
0.8696629213483147,0.5,0.0,0.6732847449107816,0.125,0.5,0.044893010197349675,0.6666666666666666,1
0.8707865168539326,1.0,1.0,0.22090977632571,0.0,0.0,0.015126992566498259,0.6666666666666666,0
0.8719101123595506,1.0,1.0,,0.0,0.0,0.015126992566498259,0.3333333333333333,0
0.8730337078651685,1.0,0.0,0.05755214878110078,0.0,0.0,0.024349578357040744,0.6666666666666666,1
0.8741573033707866,1.0,1.0,,0.0,0.0,0.015102594191391004,0.3333333333333333,0
0.8752808988764045,0.0,0.0,0.5350590600653431,0.0,0.16666666666666666,0.41250332793836464,0.6666666666666666,1
0.8764044943820225,1.0,0.0,0.15807991957778336,0.0,0.0,0.014110458666029575,0.0,1
0.8775280898876405,0.0,0.0,0.20834380497612465,0.125,0.0,0.11125659048908397,0.6666666666666666,1
0.8786516853932584,0.0,1.0,0.35913546117114853,0.0,0.0,0.05855610025741262,0.6666666666666666,0
0.8797752808988765,1.0,1.0,,0.125,0.3333333333333333,0.04577135170121086,0.6666666666666666,0
0.8808988764044944,1.0,1.0,0.3088715757728072,0.0,0.0,0.013760683560491965,0.6666666666666666,0
0.8820224719101124,1.0,1.0,0.3088715757728072,0.0,0.0,0.014151057562208049,0.6666666666666666,0
0.8831460674157303,1.0,0.0,0.22090977632571,0.0,0.0,0.014630827210317117,0.6666666666666666,1
0.8842696629213483,1.0,1.0,0.09525006282985675,0.5,0.16666666666666666,0.05684821399990475,0.3333333333333333,0
0.8853932584269664,1.0,1.0,0.007288263382759488,0.125,0.3333333333333333,0.04015972542654215,0.6666666666666666,1
0.8865168539325843,0.0,1.0,0.5727569741140991,0.0,0.0,0.15458810467956932,0.0,0
0.8876404494382023,1.0,1.0,,0.0,0.0,0.015126992566498259,0.3333333333333333,0
0.8887640449438202,0.5,1.0,0.19577783362653933,0.0,0.0,0.050748620223090936,0.6666666666666666,0
0.8898876404494382,1.0,0.0,,1.0,0.3333333333333333,0.13575255909676825,0.6666666666666666,0
0.8910112359550562,0.0,1.0,,0.0,0.0,0.05991421140938287,0.0,0
0.8921348314606742,1.0,1.0,0.3088715757728072,0.0,0.0,0.015411575213749286,0.6666666666666666,0
0.8932584269662922,0.5,1.0,0.4847951746670017,0.0,0.0,0.025374310111545468,0.6666666666666666,0
0.8943820224719101,0.0,0.0,0.610454888162855,0.0,0.0,0.050610427826483444,0.6666666666666666,1
0.8955056179775281,1.0,0.0,0.38426740387031916,0.0,0.0,0.016948672845506364,0.6666666666666666,1
0.8966292134831461,1.0,1.0,0.37170143252073384,0.0,0.0,0.014110458666029575,0.0,0
0.8977528089887641,1.0,0.0,0.37170143252073384,0.125,0.16666666666666666,0.04713766070721715,0.6666666666666666,0
0.8988764044943821,0.5,1.0,0.4219653179190751,0.0,0.0,0.025374310111545468,0.6666666666666666,0
0.9,0.5,0.0,0.38426740387031916,0.125,0.16666666666666666,0.05123658772523604,0.6666666666666666,1
0.901123595505618,0.0,1.0,0.1329479768786127,0.125,0.3333333333333333,0.23422440102965048,0.6666666666666666,1
0.902247191011236,1.0,1.0,0.0,0.0,0.16666666666666666,0.016623491302076868,0.0,1
0.903370786516854,1.0,1.0,0.33400351847197784,0.0,0.0,0.013614293309848433,0.6666666666666666,1
0.9044943820224719,1.0,1.0,0.38426740387031916,0.0,0.0,0.015175789316712771,0.6666666666666666,0
0.9056179775280899,0.0,1.0,0.4847951746670017,0.0,0.0,0.0,0.6666666666666666,0
0.906741573033708,1.0,0.0,0.22090977632571,0.0,0.0,0.015175789316712771,0.6666666666666666,0
0.9078651685393259,0.5,1.0,0.4847951746670017,0.0,0.0,0.025374310111545468,0.6666666666666666,0
0.9089887640449439,0.0,0.0,0.4093993465694898,0.125,0.0,0.10364429745562033,0.6666666666666666,1
0.9101123595505618,1.0,1.0,0.32143754712239253,0.0,0.0,0.015395374692678068,0.6666666666666666,0
0.9112359550561798,1.0,1.0,0.4847951746670017,0.0,0.0,0.04713766070721715,0.6666666666666666,0
0.9123595505617977,0.5,1.0,0.4345312892686604,0.0,0.0,0.020494635090094415,0.6666666666666666,0
0.9134831460674158,1.0,0.0,0.0701181201306861,0.5,0.3333333333333333,0.06104473451835265,0.6666666666666666,0
0.9146067415730338,1.0,1.0,0.3779844181955265,0.0,0.0,0.015712553569072387,0.6666666666666666,0
0.9157303370786517,0.0,1.0,,0.0,0.0,0.0,0.6666666666666666,0
0.9168539325842697,1.0,0.0,0.2837396330736366,0.0,0.0,0.015468569817999833,0.6666666666666666,0
0.9179775280898876,0.5,1.0,0.38426740387031916,0.125,0.16666666666666666,0.07222738817151159,0.0,0
0.9191011235955057,1.0,1.0,0.5350590600653431,0.0,0.0,0.012589561555343713,0.6666666666666666,0
0.9202247191011236,1.0,1.0,0.12038200552902739,0.375,0.3333333333333333,0.05445717323939373,0.6666666666666666,0
0.9213483146067416,0.0,0.0,0.648152802211611,0.125,0.16666666666666666,0.18249984580226933,0.6666666666666666,1
0.9224719101123596,1.0,1.0,0.33400351847197784,0.0,0.0,0.016908073949327893,0.6666666666666666,1
0.9235955056179775,0.0,1.0,0.4722292033174164,0.0,0.0,0.0,0.6666666666666666,0
0.9247191011235956,1.0,0.0,0.33400351847197784,0.0,0.16666666666666666,0.024349578357040744,0.6666666666666666,1
0.9258426966292135,1.0,1.0,0.01985423473234481,0.5,0.16666666666666666,0.07746484096553544,0.6666666666666666,0
0.9269662921348315,1.0,1.0,,0.0,0.0,0.013565496559633922,0.3333333333333333,0
0.9280898876404494,1.0,1.0,,0.0,0.0,0.11027245763075773,0.6666666666666666,0
0.9292134831460674,0.5,1.0,0.007288263382759488,0.0,0.3333333333333333,0.07222738817151159,0.0,1
0.9303370786516855,1.0,1.0,,0.0,0.0,0.015126992566498259,0.3333333333333333,1
0.9314606741573034,0.0,0.0,0.7738125157074642,0.0,0.0,0.15614960068643363,1.0,1
0.9325842696629214,1.0,0.0,0.18321186227695402,0.125,0.0,0.028212719478023115,0.0,1
0.9337078651685393,0.5,1.0,0.005152048253329982,0.125,0.16666666666666666,0.03659756266088288,0.6666666666666666,1
0.9348314606741573,1.0,1.0,,0.0,0.0,0.014110458666029575,0.0,0
0.9359550561797754,1.0,1.0,0.2837396330736366,0.0,0.0,0.015330377421392339,0.6666666666666666,0
0.9370786516853933,1.0,1.0,0.22090977632571,0.0,0.0,0.016200521071217493,0.6666666666666666,0
0.9382022471910113,0.0,0.0,0.4847951746670017,0.125,0.16666666666666666,0.16231419173453318,0.0,1
0.9393258426966292,1.0,1.0,0.2586076903744659,0.0,0.0,0.016908073949327893,0.6666666666666666,0
0.9404494382022472,1.0,1.0,,0.0,0.0,0.015712553569072387,0.6666666666666666,0
0.9415730337078652,1.0,1.0,0.39683337521990447,0.0,0.0,0.11027245763075773,0.6666666666666666,1
0.9426966292134832,0.0,1.0,,0.0,0.0,0.057970539254838485,0.0,1
0.9438202247191012,1.0,1.0,0.24604171902488062,0.0,0.0,0.015468569817999833,0.6666666666666666,0
0.9449438202247191,0.5,1.0,0.19577783362653933,0.0,0.0,0.020494635090094415,0.6666666666666666,0
0.9460674157303371,0.0,0.0,0.37170143252073384,0.0,0.0,0.060507970265993034,0.0,1
0.9471910112359551,1.0,1.0,0.4282483035938678,0.0,0.0,0.012565163180236457,0.0,0
0.9483146067415731,1.0,1.0,0.20834380497612465,0.0,0.0,0.016908073949327893,0.6666666666666666,0
0.949438202247191,1.0,1.0,0.5224930887157577,0.0,0.0,0.014736618564782174,0.6666666666666666,0
0.950561797752809,1.0,1.0,,1.0,0.3333333333333333,0.13575255909676825,0.6666666666666666,0
0.951685393258427,1.0,1.0,0.4345312892686604,0.0,0.0,0.015411575213749286,0.0,0
0.952808988764045,0.5,1.0,0.34656948982156316,0.0,0.16666666666666666,0.06441171028315387,0.6666666666666666,0
0.953932584269663,0.0,0.0,,0.125,0.0,0.17391981561855152,0.0,1
0.9550561797752809,1.0,1.0,0.04498617743151546,0.5,0.3333333333333333,0.06104473451835265,0.6666666666666666,0
0.9561797752808989,1.0,1.0,0.9246041719024881,0.0,0.0,0.015175789316712771,0.6666666666666666,0
0.9573033707865168,1.0,0.0,0.10781603417944208,0.125,0.16666666666666666,0.029757819776815374,0.0,0
0.9584269662921349,0.0,0.0,0.19577783362653933,0.0,0.16666666666666666,0.07690367833806856,0.6666666666666666,1
0.9595505617977529,0.5,0.0,0.5476250314149284,0.125,0.0,0.050748620223090936,0.6666666666666666,0
0.9606741573033708,1.0,0.0,0.22090977632571,0.0,0.16666666666666666,0.018249984580226933,0.6666666666666666,1
0.9617977528089888,0.0,0.0,0.5601910027645137,0.125,0.16666666666666666,0.32179836714362564,0.6666666666666666,1
0.9629213483146067,0.0,1.0,0.6355868308620256,0.0,0.0,0.051822148727810165,0.6666666666666666,1
0.9640449438202248,1.0,0.0,0.2963056044232219,0.0,0.5,0.03758969818624431,0.0,1
0.9651685393258428,1.0,1.0,,0.0,0.0,0.014110458666029575,0.0,0
0.9662921348314607,1.0,1.0,0.5099271173661725,0.25,0.0,0.027537567642055148,0.6666666666666666,0
0.9674157303370787,0.5,1.0,0.2586076903744659,0.125,0.0,0.022446505098674838,0.6666666666666666,0
0.9685393258426966,0.0,0.0,0.5978889168132697,0.0,0.0,0.050610427826483444,0.6666666666666666,1
0.9696629213483147,1.0,0.0,,1.0,0.3333333333333333,0.13575255909676825,0.6666666666666666,0
0.9707865168539326,0.5,1.0,0.2963056044232219,0.0,0.0,0.025374310111545468,0.6666666666666666,0
0.9719101123595506,0.5,0.0,0.5224930887157577,0.0,0.0,0.025374310111545468,0.6666666666666666,1
0.9730337078651686,0.5,0.0,0.33400351847197784,0.125,0.0,0.027049600139910042,0.0,1
0.9741573033707865,0.0,1.0,0.38426740387031916,0.0,0.0,0.09856123757927521,0.6666666666666666,0
0.9752808988764046,1.0,1.0,,0.0,0.0,0.018542765081513996,0.6666666666666666,0
0.9764044943820225,1.0,1.0,0.04498617743151546,0.125,0.16666666666666666,0.021730754366528396,0.6666666666666666,1
0.9775280898876405,1.0,1.0,0.32143754712239253,0.0,0.0,0.015411575213749286,0.6666666666666666,0
0.9786516853932584,0.0,0.0,0.5853229454636844,0.125,0.16666666666666666,0.10257896680493714,0.6666666666666666,1
0.9797752808988764,0.0,1.0,0.4093993465694898,0.0,0.0,0.009759350042902102,0.6666666666666666,0
0.9808988764044945,1.0,1.0,0.5853229454636844,0.0,0.0,0.017566830077223785,0.6666666666666666,0
0.9820224719101124,0.5,0.0,0.34656948982156316,0.125,0.0,0.04684488020593009,0.0,1
0.9831460674157304,1.0,0.0,0.18321186227695402,0.0,0.0,0.014102260811993537,0.0,1
0.9842696629213483,1.0,1.0,0.24604171902488062,0.0,0.0,0.019217721730481106,0.6666666666666666,0
0.9853932584269663,1.0,1.0,0.2334757476752953,0.0,0.0,0.015411575213749286,0.6666666666666666,0
0.9865168539325843,1.0,1.0,,0.0,0.0,0.015411575213749286,0.6666666666666666,0
0.9876404494382023,0.0,0.0,0.6984166876099522,0.0,0.16666666666666666,0.16231419173453318,0.0,1
0.9887640449438203,0.5,0.0,0.3088715757728072,0.0,0.16666666666666666,0.050748620223090936,0.6666666666666666,1
0.9898876404494382,1.0,1.0,0.4093993465694898,0.0,0.0,0.015411575213749286,0.6666666666666666,0
0.9910112359550562,1.0,0.0,0.2711736617240512,0.0,0.0,0.02052723131923771,0.6666666666666666,0
0.9921348314606742,0.5,1.0,0.34656948982156316,0.0,0.0,0.020494635090094415,0.6666666666666666,0
0.9932584269662922,1.0,1.0,0.3088715757728072,0.0,0.0,0.013760683560491965,0.6666666666666666,0
0.9943820224719101,1.0,0.0,0.4847951746670017,0.0,0.8333333333333333,0.05684821399990475,0.3333333333333333,0
0.9955056179775281,0.5,1.0,0.33400351847197784,0.0,0.0,0.025374310111545468,0.6666666666666666,0
0.9966292134831461,0.0,0.0,0.2334757476752953,0.0,0.0,0.05855610025741262,0.6666666666666666,1
0.9977528089887641,1.0,0.0,,0.125,0.3333333333333333,0.04577135170121086,0.6666666666666666,0
0.998876404494382,0.0,1.0,0.32143754712239253,0.0,0.0,0.05855610025741262,0.0,1
1.0000000000000002,1.0,1.0,0.39683337521990447,0.0,0.0,0.015126992566498259,0.3333333333333333,0
